"代號","名稱","成交","漲跌幅","3日累計漲跌(%)","5日累計漲跌(%)","10日累計漲跌(%)","一個月累計漲跌(%)","三個月累計漲跌(%)","半年累計漲跌(%)","一年累計漲跌(%)","3日最高股價","5日最高股價","10日最高股價","一個月最高股價","三個月最高股價","半年最高股價","一年最高股價","3日最低股價","5日最低股價","10日最低股價","一個月最低股價","三個月最低股價","半年最低股價","一年最低股價","三大法人3日累計買賣超佔成交(%)","三大法人5日累計買賣超佔成交(%)","券資比3日增減","券資比5日增減"
="0050","元大台灣50","142","-0.25","+0.46","+0.14","+1.1","+0.92","+1.21","+3.2","+18.3","143.6","143.6","143.6","143.6","143.6","143.6","143.6","140.35","140","137.5","137.5","130.9","130.2","116.75","58.3","39.6","+3.57","+2.23"
="0056","元大高股息","33.32","+0.42","+1.4","+2.62","+2.05","+3","+1.15","-3.7","+10.6","33.41","33.41","33.41","33.41","33.59","36.05","36.17","32.82","32.53","31.96","31.96","30.59","30.59","29.35","62.1","50.7","+6.41","+10.1"
="006205","富邦上証","38.45","+2.51","+3.69","+5.28","+4.48","+5.66","+4.14","-2.81","+3.06","38.56","38.56","38.56","38.56","38.56","39.4","43.55","36.98","36.5","36.25","35.69","35.26","34.83","34.83","42.3","36.1","+0.04","+0.04"
="006208","富邦台50","80.25","+0.06","+0.63","+0.44","+1.26","-0.62","-0.43","+1.45","+19.2","80.85","80.85","80.85","81.05","81.45","82.35","82.35","79.2","79","77.6","77.6","75.45","74.8","65.65","20.8","3.28","0","0"
"00631L","元大台灣50正2","139.85","+0.04","+2.08","+1.89","+2.57","+3.44","+7.04","+12.6","+63.4","141.5","141.5","141.5","141.5","141.5","141.5","141.5","135.4","134.45","129.5","129.5","114.4","114.4","81.25","13.1","6.58","-6.52","-12"
"00635U","期元大S&P黃金","23.74","-0.13","+0.21","+0.51","-0.46","-2.14","-0.46","-6.02","-6.09","23.8","23.8","23.93","24.91","24.91","25.45","26.49","23.62","23.48","23.48","23.48","23.06","23.05","22.68","-23.7","-72.4","+0.01","-2.96"
="00636","國泰中國A50","26.27","+3.1","+4.79","+6.7","+5.38","+6.49","+9.28","-8.47","-0.42","26.31","26.31","26.31","26.31","26.31","28.79","32.35","25.06","24.56","24.39","24.08","23.2","22.97","22.97","60.7","57.2","0","0"
"00638R","元大滬深300反1","7.73","-3.13","-4.57","-6.53","-5.73","-6.64","-8.74","+4.74","-7.43","8.1","8.3","8.34","8.45","8.73","8.92","8.92","7.7","7.7","7.7","7.7","7.7","7.41","6.7","-31.6","-19.3","-0.09","-0.29"
="00639","富邦深100","17.26","+2.31","+3.04","+4.16","+3.48","+4.48","+8.21","-1.37","+9.03","17.29","17.29","17.29","17.29","17.29","17.67","19.98","16.55","16.55","16.47","16.16","15.4","15.4","15.4","38.2","31.2","+0.28","+0.21"
"00642U","期元大S&P石油","12.9","+1.74","+7.32","+10.3","-6.72","-9.47","+7.86","+8.95","+60.6","12.94","12.94","13.67","14.67","14.75","14.75","14.75","12.33","11.77","11.61","11.61","11.61","10.86","8","32.8","15.4","-23.4","-25"
"00669R","國泰美國道瓊反1","7.64","+0.26","-2.55","-4.02","+0.26","+0.92","-3.29","-4.98","-18.5","7.74","7.92","7.99","7.99","8.17","8.41","9.5","7.61","7.61","7.61","7.57","7.55","7.55","7.55","-51.5","-35.7","-0.23","-0.23"
"00675L","富邦臺灣加權正2","54.65","0","+2.15","+2.15","+2.44","+3.7","+8","+14.1","+66.4","55.3","55.3","55.3","55.3","55.3","55.3","55.3","52.95","52.5","50.5","50.5","44.4","44.4","31.24","-61.8","-66.2","-9.77","-10"
="00692","富邦公司治理","35.29","+0.09","+0.63","+0.6","+1.18","-3.5","-1.64","0","+18.3","35.5","35.5","35.5","36.78","36.78","36.78","36.78","34.85","34.76","34.07","34.07","33.82","33.51","29.07","17.9","-10.2","0","0"
="00712","FH富時不動產","13.97","+0.22","+2.8","+4.25","-1.83","-3.85","-0.71","-7.85","+10.1","13.98","13.98","14.25","14.53","14.59","15.18","15.21","13.73","13.53","13.39","13.39","13.39","13.39","12.29","-13.2","-18.4","-0.55","-0.65"
="00713","元大台灣高息低波","42.35","+0.02","+0.62","+1.03","+0.02","-6.01","-2.67","-0.33","+23.7","42.42","42.42","42.42","46.35","46.35","46.35","46.35","41.98","41.85","41.22","41.22","41.22","41.22","33.81","-15.4","-22.7","0","0"
="00731","FH富時高息低波","58.45","0","+0.86","+1.48","+0.26","-4.96","-1.85","+1.56","+21.8","58.6","58.6","58.6","64.8","64.8","64.8","64.8","57.7","57.6","56.7","56.7","56.7","56.3","47","4.86","3.06","0","0"
"00734B","台新JPM新興債","19.21","-0.26","-0.52","+0.05","+0.26","-1.28","-3.18","-0.98","-8.31","19.3","19.32","19.32","19.5","19.94","19.94","21.09","19.21","19.21","19.05","19.01","19.01","19.01","19.01","0.07","0.16","",""
="00757","統一FANG+","52.15","0","+5.33","+0.87","-2.71","-4.31","+2.96","+13.3","+24.4","52.35","52.35","53.6","54.45","55.2","55.2","55.2","50.05","49.45","49.45","49.45","46.9","45.88","40.82","-44.3","-70.6","-0.12","-0.38"
"00847B","中信美國市政債","35.48","-1.11","-1.64","-0.76","+1.43","-1.5","+0.06","+3.23","-4.5","35.98","36.07","36.07","36.08","36.08","36.52","37.47","35.34","35.34","35.2","34.88","34.56","34.1","33.63","85.3","76.7","",""
="00876","元大未來關鍵科技","33","-0.36","+2.68","+1.98","+1.23","+3.77","+10.3","+15.1","+25.8","33.16","33.16","33.16","33.24","33.24","33.24","33.24","32.05","32","31.81","31.21","27.93","27.93","25.13","25.2","12.6","-0.87","-0.99"
="00877","FH中國5G","14.01","+2.86","+4.16","+4.4","+2.49","+7.94","+11.8","+11.2","-0.28","14.03","14.03","14.03","14.03","14.03","14.03","14.85","13.21","13.21","13.16","12.86","11.81","11.81","10.93","71.5","71.3","+0.06","+0.08"
="00878","國泰永續高股息","18.82","+0.11","+0.64","+1.46","+0.53","+0.91","+4.5","+3.18","+16.6","18.85","18.85","18.85","18.88","18.88","18.88","19.28","18.61","18.5","18.25","18.25","17.77","17.35","15.65","24.5","9.7","+0.16","+0.18"
="00881","國泰台灣5G+","18.34","-0.27","+0.16","-0.05","+1.38","+2.17","+4.56","+4.03","+21.4","18.55","18.55","18.55","18.55","18.55","18.55","18.9","18.16","18.13","17.61","17.61","16.38","16.38","14.67","38.3","31.9","+0.29","-0.16"
"01010T","京城樂富R1","10.29","-0.29","-0.58","0","0","-2.65","-3.92","-5.16","-2.09","10.33","10.35","10.44","10.62","10.72","11.48","11.48","10.29","10.29","10.2","10.14","10.14","10.14","10.14","","","",""
="020022","元大電動車N","5.63","+0.72","+2.55","+3.87","+2.18","+2.93","+7.85","-2.6","+10.6","5.69","5.69","5.69","5.69","5.69","5.92","6.87","5.42","5.42","5.31","5.31","4.9","4.9","4.9","69.2","71","",""
="1101","台泥","47.4","-0.63","+0.21","+2.38","+0.53","-2.87","-1.66","-7.96","+9.34","47.85","47.85","47.85","48.95","52","54.5","58.7","46.9","46.4","45.95","45.95","45.95","45.65","40.15","13.6","8.04","-0.02","-0.36"
="1102","亞泥","43.5","0","+0.81","+2.59","+2.72","-2.9","-1.92","-14","-0.91","43.6","43.6","43.6","45.75","46.65","53.6","54.3","43","42.25","42","42","42","42","40","10.8","11.5","+1.54","-0.23"
="1216","統一","68.9","+0.73","+2.38","+1.77","+1.17","+2.38","+2.53","-5.75","+5.35","68.9","68.9","68.9","68.9","70.4","76","76.9","67","67","65.4","65.4","65.4","65.4","64.2","10.6","8.58","+2.22","+2.77"
="1236","宏亞","25.55","+0.2","+21.1","+21.4","+26.2","+80.6","+83.2","+61.7","+81.2","25.55","25.55","25.55","25.7","25.7","25.7","25.7","21.15","20.25","19","14.15","13.75","13.5","13","-0.24","0","+7.09","+4.38"
="1301","台塑","105","+0.48","+0.96","+1.45","0","-2.33","+5.95","-0.47","+16.7","106","106","106","108.5","121","121","121","103","102.5","101.5","101.5","98.7","95.6","86.6","12.8","7.4","-0.1","-0.45"
="1303","南亞","84.8","+0.24","+0.71","+1.19","-1.74","-1.17","-2.53","-1.17","+26.4","85.2","85.2","85.7","86.5","93.1","93.1","93.1","83.5","82.7","82","82","82","80.3","65.6","14.5","7.5","+0.21","+0.09"
="1316","上曜","20.25","-2.41","-0.98","-2.64","-9.19","+9.46","+60.1","+80.8","+73.8","21.15","21.15","23.35","23.35","23.35","23.35","23.35","20","19.8","19.8","17.6","12.65","11.15","10.05","-1.88","-3.91","-5.81","-8.44"
="1326","台化","80.7","+0.12","+1.25","+1.25","+0.75","+0.12","-0.98","-6.81","+1.77","81.2","81.2","81.2","81.8","84.9","87.4","95.5","79.5","78.6","78.1","78.1","78.1","78.1","77.3","28.5","11.9","+0.01","+0.02"
="1402","遠東新","28.85","+0.35","+0.87","+1.94","+1.05","-3.51","-0.69","-9.7","+3.96","28.95","28.95","28.95","30.4","30.4","33.75","35.55","28.35","28.15","27.75","27.75","27.75","27.75","26","4.16","4.04","-0.2","-0.21"
="1434","福懋","29.1","+0.52","+0.52","+0.69","-0.34","-1.19","-3.48","-7.62","-4.12","29.25","29.25","29.25","29.8","30.85","33.7","34.5","28.8","28.75","28.75","28.75","28.75","28.75","28.75","-34.2","-41.5","+2.73","+14.2"
="1476","儒鴻","629","+1.13","+6.07","+8.26","+3.45","-0.94","+8.82","+0.8","+58.4","632","632","632","672","672","680","683","593","578","574","574","551","503","386","27.9","13.1","+4.41","+2.75"
="1477","聚陽","249","+0.61","+3.53","+4.18","+4.18","+4.4","+2.05","-6.21","+32.8","253","253","253","253","261.5","278.5","291.5","240.5","229","229","229","204.5","204.5","183.5","26.5","13.2","+0.71","+0.58"
="1504","東元","30.6","-0.16","+0.49","+0.99","-0.49","-2.55","+1.16","-7.27","+6.81","30.85","30.85","30.85","32","32.1","35","36.6","30.05","30","30","30","29.85","28.5","26.8","-2.98","-25.1","0","+0.08"
="1506","正道","15","+0.67","+7.14","+17.2","+29.3","+44.2","+55.4","+53.1","+35.7","15.35","15.35","15.35","15.35","15.35","15.35","15.35","14.05","12.8","10.8","10.25","9.51","9.33","8.99","3.97","3.34","0","0"
="1524","耿鼎","11.2","-0.44","+6.16","+11.4","+11.4","+9.27","+12","+12.1","+14.3","11.55","11.55","11.55","11.55","11.55","11.55","12.95","10.85","9.99","9.91","9.91","9.5","9.5","8.56","-1.03","-1.21","+0.14","+0.14"
="1528","恩德","11.6","+3.11","+3.57","+7.41","+3.11","+4.5","+8.92","+16","+27.2","11.65","11.65","11.65","11.8","11.8","13","13","11.2","10.75","10.35","10.35","10","9.9","8.42","29.7","20.6","+0.9","+1.01"
="1529","樂士","22.3","-2.62","-4.29","+13.8","+29.3","+36.4","+26.7","+31.6","+34.3","23.85","23.85","23.85","23.85","23.85","23.85","23.85","21.95","20","17.25","16","15.55","15.1","14.85","2.47","0.53","-0.65","+0.65"
="1539","巨庭","23.7","-1.25","+6.28","+17.9","+20.9","+14.8","+41.5","+27.1","+20.9","24.9","24.9","24.9","24.9","24.9","24.9","24.9","22.1","20.3","19","18.85","16.5","16.45","15.8","-0.17","0.61","+0.52","+0.73"
="1560","中砂","90.2","+0.78","+0.78","+1.69","+1.35","+6.12","+32.6","+37.5","+38.8","91.3","92.8","92.8","94.3","94.3","94.3","94.3","87.8","87.8","84","82.1","65.4","62.2","57.6","11.6","-3.58","+0.25","+0.04"
="1570","力肯","25.4","-3.05","-2.31","+5.18","+7.63","+26.7","+53.5","+58.8","+96.9","28.45","28.45","28.45","28.45","28.45","28.45","28.45","25.1","23.7","22.6","19.4","16.55","15.5","12.75","-1.3","0.01","+0.25","-0.22"
="1605","華新","26.75","0","+1.71","+2.69","-6.63","-2.01","+4.49","+2.69","+33.1","27.2","27.2","28.65","28.7","28.7","30.85","32.35","26.2","25.85","25.65","25.65","23.1","23.1","16.3","3.03","-0.77","-0.33","-0.39"
="1611","中電","19","+0.8","+4.97","+14.8","+34.3","+42.9","+89.1","+67.4","+63.8","19.5","19.5","19.5","19.5","19.5","19.5","19.5","17.45","16.3","12.7","12.7","9.95","9.95","9.48","-0.1","-0.07","+5.03","+6.61"
="1616","億泰","11.6","+2.2","-3.33","-0.43","+9.95","+40.4","+39.8","+23.4","+87.1","12.2","13.15","13.15","13.15","13.15","13.35","13.35","11.15","10.8","9.15","8.21","7.61","7.61","5.12","-4.96","-0.68","0","0"
="1709","和益","21.85","-1.13","-2.46","-3.32","-9.52","+3.07","+15.6","+6.07","+48.6","22.5","23.05","24.25","25.45","25.45","25.45","25.45","21.8","21.8","21.8","21.3","19","18.65","13.85","-31.5","-29","+1.15","+1.07"
="1710","東聯","22.45","-0.44","+0.45","+1.58","-1.32","-6.85","+8.98","+2.05","+21.7","22.85","22.85","22.95","25.9","27.7","27.85","27.85","22.35","22.15","21.7","21.7","20.55","19.9","17","20.1","25.8","-0.07","-0.12"
="1711","永光","26.9","-0.37","+2.48","+3.66","-2.18","-11.1","+30","+40.5","+61.6","27.5","27.5","28.15","32.45","32.45","32.45","32.45","26.1","25.85","25.35","25.35","20.1","17.5","15.1","9.77","9.71","-0.52","-1.05"
="1714","和桐","11.25","-0.44","-0.88","-3.02","-3.02","+5.14","+10.8","-3.43","+12.5","11.65","11.85","11.85","11.85","11.85","13.1","13.5","11.2","11.2","10.75","10.65","9.95","9.95","8.96","-8.17","-6.42","-0.29","-0.39"
="1721","三晃","29.2","+1.74","+1.04","+0.34","+17.3","+25.6","+225","+196","+161","30.15","30.8","33.45","33.45","33.45","33.45","33.45","27.8","27.5","23.2","22.4","8.99","8.95","8.95","-3.08","-2.76","-1.1","+0.91"
="1722","台肥","68.5","-0.87","0","+1.03","-2.56","-4.6","+23.4","+20.2","+29.2","69.7","69.7","71.5","72.4","73.2","73.2","73.2","67.8","67.8","67.7","67.6","55.5","55.1","49.95","-0.32","-1.39","-0.08","-0.98"
="1727","中華化","50.1","-1.76","-3.84","-3.65","-4.57","-6.7","+90.9","+253","+345","53","53.2","56","61.6","61.6","61.6","61.6","50.1","50.1","47.5","47.5","24.85","13.85","10.35","0.71","0.32","+2.32","+2.35"
="1785","光洋科","50.3","+0.6","-0.59","+1.11","-0.59","-2.14","+2.86","+11.2","+7.25","51.2","51.2","52.1","58.9","58.9","58.9","62.4","49.75","49.75","47.75","47.75","47.75","44.05","39.1","2.27","-4.31","+0.11","-0.06"
="1810","和成","16.25","-0.31","-0.61","+1.56","+1.56","+14.4","+43.8","+38.9","+67.2","16.95","16.95","16.95","17.45","17.45","17.45","17.45","16.15","16","15.15","14.2","11.25","10.2","8.9","-6.09","7.56","+0.05","+0.07"
="2006","東和鋼鐵","60.7","-0.49","+1.85","","","+45.4","+45.2","+27","+79.6","62.2","62.2","62.2","62.2","62.2","62.2","64.7","59.1","58.2","58.2","41.25","37","37","31","-4.36","-1.92","0","+0.03"
="2101","南港","39.4","+0.64","+0.77","+2.34","0","-1.99","+1.16","+1.42","-7.51","39.4","39.4","39.4","41.85","41.85","42","45.7","38.7","38.55","38","38","37.15","36.6","34.55","22.8","19.6","0","-0.03"
="2102","泰豐","29.8","+0.85","+7.19","+8.76","+14.6","+8.76","+4.2","-8.17","+45.7","30","30","30","30","32.5","33.2","35.35","27.65","27.3","25.75","25.6","25.6","25.6","16.5","41","31.6","+1.82","+0.69"
="2103","台橡","34.95","+0.72","+3.25","+6.88","+5.59","+9.73","+19.9","+1.6","+55","35.35","35.35","35.35","35.35","35.35","37.7","40.4","33.45","32.7","31.55","31.3","29","29","19.5","13.7","15.7","+0.25","+0.27"
="2301","光寶科","62.6","+0.48","+0.81","+3.47","+2.79","+1.62","+5.03","-4.13","+27.1","62.6","62.6","62.6","62.6","65.8","67.3","67.9","61","60.2","59.7","59.7","59.4","56.1","48","0.32","-1.71","+0.51","+0.69"
="2303","聯電","64","-3.76","-4.9","-4.05","+1.59","+1.43","-5.19","+24.3","+28.3","68.2","68.4","68.5","68.5","69","72","72","64","64","60.9","60.9","56.4","50.2","43.05","-22.8","-13.8","+1.56","+1.63"
="2308","台達電","269","+3.07","+3.07","+2.87","+3.86","+1.13","-0.19","-8.81","+7.17","269","269","269","269","270","335","335","260","258.5","250","250","234.5","234.5","234.5","24.7","12.3","-0.14","-0.01"
="2313","華通","42.45","-0.12","-1.05","+4.69","+1.07","+2.29","+8.99","+7.6","-10.1","43.7","43.7","43.7","45.7","45.7","47.9","47.9","42.3","40.65","39.8","39.8","34.85","34.85","31.7","-18.3","-2.29","+0.2","+0.53"
="2314","台揚","80.1","-0.25","+3.22","+4.03","-4.98","+2.96","+34.8","+62.3","+158","82.5","82.5","85.1","96.5","96.5","96.5","96.5","78.4","77.5","75.5","75.5","57","44.8","27","-6.47","-4.75","-2.5","-2.44"
="2324","仁寶","24","+1.69","+0.63","+2.78","+1.69","-1.44","+5.96","+5.03","+17.1","24","24","24","24.3","24.85","24.85","27.95","23.6","23.2","23.15","23.15","22.65","21.25","20.15","-7.65","-5.23","-0.27","-0.29"
="2330","台積電","608","+1","+1.33","-1.14","+0.83","-0.49","-1.78","+1.5","+16.9","614","614","615","623","623","638","679","597","597","591","591","560","551","504","0.2","-10.2","-0.14","-0.62"
="2337","旺宏","41.4","-1.31","-2.24","-2.7","-3.04","+0.73","+6.43","-6.02","-3.72","42.65","42.9","43.5","44.25","44.25","48","50","41.4","41.4","40.75","40.65","34","34","34","-4.51","-8.8","+0.41","+0.35"
="2338","光罩","107.5","-4.02","-1.83","+7.93","+10.1","+16.2","+28.4","+25.7","+146","117","117","117","117","117","117","117","106","102","91","89.1","69.3","69.3","36.5","-2.11","0.43","-2.38","+1.84"
="2340","光磊","58.4","+1.04","-2.83","-0.85","-2.34","+35.7","+66.4","+112","+118","60.6","61","62.5","66.2","66.2","66.2","66.2","56.8","56.8","55","41.65","29.3","24.85","21.85","-0.51","1.82","-0.37","-0.22"
="2342","茂矽","50.2","-5.64","-7.38","+3.72","+2.87","+14.4","+10.3","+53","+39.4","57","57","57","57","57","57","57","50","48.15","45.2","43.95","39","32.8","26.3","-2.63","-0.6","-2.95","+0.48"
="2344","華邦電","31.4","-0.16","-1.57","-1.1","+0.8","+11.5","+6.8","-6.27","+18.5","32.15","32.75","33.15","33.15","33.15","38.5","38.9","31.2","31.2","29.35","27.65","23.75","23.75","23.4","10.4","6.87","-0.19","-0.15"
="2345","智邦","302.5","+2.02","+6.7","+6.51","+0.5","+4.31","+9.6","+3.42","+16.8","305","305","305","311","311","354","354","280.5","276","276","273.5","226","226","226","10","0.07","+5.16","+2.49"
="2347","聯強","62.6","+0.97","+2.62","+5.21","+3.99","+8.3","+19.7","+16.4","+38","63","63","63","63","63","63","63","60.6","59.1","57.5","56.1","50.5","49.8","44.2","7.81","10.6","-0.07","-0.82"
="2351","順德","160","-3.61","-2.14","+3.23","+0.63","+1.91","+20.8","+73.7","+100","172","172","172","185","200","200","200","159","155.5","154","151","116.5","92.7","71.2","-7.73","-0.31","-2.36","+1.89"
="2353","宏碁","30","+0.33","+0.84","+6.76","+7.53","+11.9","+20.2","-5.36","+20.5","30.9","30.9","30.9","30.9","30.9","32.4","35.85","29.55","28.3","27.1","26.45","23.45","23.45","23.25","18.3","21.9","+1.04","+1.24"
="2354","鴻準","65.2","+1.4","-0.46","+1.4","-2.1","-6.32","+2.68","+1.56","+19.2","65.2","65.7","66.9","71.2","71.8","71.8","79.6","64.2","64","63.5","63.5","62.7","61.3","51.4","-5.64","-2.23","-0.11","-0.12"
="2355","敬鵬","36.05","+2.12","+2.71","-0.55","+12.1","+20.6","+18.2","+22.2","+15.2","37.2","37.2","38.7","38.7","38.7","38.7","40.45","34.8","34.55","31.3","29.1","27.2","27.2","23.85","-3.92","-4.55","-0.7","-0.96"
="2356","英業達","25.65","+0.79","+0.39","+0.39","-1.35","-2.47","+4.69","+1.18","+5.99","25.75","25.9","26.45","27.1","27.1","27.6","28","25.4","25.25","25.2","25.2","24.35","23.1","22.65","-8.48","1.07","-0.36","-2.45"
="2357","華碩","367","+1.94","+0.55","+0.96","+1.66","-2.26","+16.1","-4.8","+39","368","368","368","378","378","390.5","428","360","360","351.5","351.5","316","307","247.5","-6.07","-5.52","-0.01","-0.1"
="2363","矽統","26.05","-0.76","-2.25","0","+1.96","+3.17","-6.13","+19.8","+33.6","27","27","27.5","28.6","28.6","31.8","31.8","25.9","25.9","24.15","24.15","22.2","20.55","15.2","2.6","6.5","-0.15","+0.09"
="2368","金像電","71.8","+0.14","+0.42","-2.18","+1.7","+0.56","+4.06","+16.7","+38.1","75.2","75.2","76.4","80","80","83.6","83.6","71.1","71.1","67.3","67.3","59.1","56.5","38.65","-0.09","-5.61","-0.85","-2.21"
="2369","菱生","26.7","-1.66","+0.38","-0.93","+0.95","+2.69","-11.3","+42","+78.6","27.8","27.8","29.45","29.45","30.4","32.3","32.3","26.6","26.6","25","24.5","23.2","18.4","13.1","-11","-15.1","-0.44","-1.41"
="2371","大同","32.85","-3.1","-3.81","-3.38","-10.5","-4.78","+14.9","+31.9","+49.7","35.45","35.45","36.75","39.9","39.9","39.9","39.9","32.4","32.4","32.4","31.2","28.2","23.65","20.25","-25.2","-26.9","+0.64","+0.2"
="2374","佳能","24.3","+1.67","+1.67","+5.42","+5.19","+28.6","+63.1","+57.8","+70.5","25.9","25.9","25.9","25.9","25.9","25.9","25.9","23.5","23","22.6","19.05","14.8","14.45","13.45","-2.21","-0.46","+0.2","+0.33"
="2376","技嘉","148","+3.86","+10","+8.42","+10.4","+8.42","+64.6","+29.8","+85","149","149","149","149","149","149","149","132","132","127","127","83","80.5","74.6","21.9","13.7","+4.75","+4.19"
="2377","微星","169","+1.81","+3.36","+4.97","+3.68","+5.96","+22","-1.74","+28","170.5","170.5","170.5","173","173","186","203","162.5","157","157","155","123.5","117","117","9.17","8.83","-0.06","+0.82"
="2379","瑞昱","558","-1.24","-3.29","+0.72","+2.57","+9.2","+6.29","+8.14","+36.4","581","581","581","581","581","621","621","558","550","521","511","445","445","381.5","24.8","21.6","-1","-0.34"
="2380","虹光","13.45","+1.51","-1.47","+1.89","+14.5","+32.5","+27.5","+8.91","+95.8","13.9","14.05","14.05","14.05","14.05","14.05","16.5","13.15","13.05","10.95","9.95","8.7","8.7","6.56","3.12","1.06","0","0"
="2382","廣達","89","+0.68","+1.95","+1.25","+1.14","+9.74","+17.1","+4.58","+8.67","89.2","89.2","89.2","89.2","89.2","92","102","87","86.9","85.1","81.9","73.8","72.5","72.5","16.1","6.57","-0.25","-0.12"
="2383","台光電","276.5","-1.25","+0.36","+2.79","+2.6","+19.2","+22.1","+40.7","+71.7","293","293","293.5","293.5","293.5","293.5","293.5","273.5","266","261","226.5","200","192.5","141.5","15.9","18.4","+0.01","+0.65"
="2388","威盛","89.2","+0.22","-0.89","+1.83","+4.21","+6.06","+88.2","+76.6","+64.3","94.7","94.7","94.7","103.5","103.5","103.5","103.5","88","88","78.7","78.7","38.05","38.05","38.05","0.82","1.31","-0.72","-1.53"
="2401","凌陽","40.4","-0.49","-0.98","+0.25","+0.62","+1.89","+5.48","+27.4","+132","41.75","41.8","41.95","44.9","44.9","47.55","47.55","40.3","40.3","36.75","36.75","30.6","30.6","16.4","12.5","13.8","+0.23","-0.49"
="2405","浩鑫","15.45","+9.96","+21.7","+18.8","+20.2","+28.2","+48.6","+19.8","+30.4","15.45","15.45","15.45","15.45","15.45","15.45","15.45","12.7","12.5","11.85","11.85","10.3","10.1","10.1","-1.47","-2.76","0","0"
="2406","國碩","27.65","+6.55","+8.64","+11.7","+17.2","+13.8","+21.5","+45.1","+21.8","28.35","28.35","28.35","28.35","28.35","29.3","29.3","25.4","24.8","22.15","22.1","20.7","18.3","14.5","24","14","+2.33","+3.61"
="2412","中華電","114.5","+0.44","+0.44","+0.44","+0.88","+2.69","+3.62","0","+5.53","114.5","114.5","114.5","115","115","118.5","118.5","113.5","113","112","111","110","109","108","16.5","14.7","+0.34","+0.1"
="2419","仲琦","24.05","+0.84","+0.21","-1.43","+4.11","+2.78","+28.6","+16.2","-9.25","25.2","25.2","26.95","26.95","26.95","26.95","27.1","23.75","23.5","22.05","22.05","18.55","17.9","17.9","1.93","0.11","-1.03","-2.02"
="2420","新巨","47.6","-1.14","+0.85","+3.7","+3.03","+9.93","+16","+25.9","+41","48.65","48.65","48.65","48.65","48.65","48.65","48.65","47.2","45.9","45.25","42.3","39.05","37.35","31.75","17.2","16.3","0","+0.1"
="2426","鼎元","28.1","-1.4","-11.9","+1.63","-1.4","+8.7","+17.3","+7.87","+63.8","32.95","32.95","32.95","32.95","32.95","32.95","32.95","28","28","25.75","25.65","19.7","19.7","15.45","-8.36","-4.7","-1.84","+0.44"
="2436","偉詮電","94","-0.74","-5.34","-2.08","-1.78","+11.2","+19.3","+30.7","+135","101","101.5","102","115.5","115.5","115.5","115.5","94","94","88.3","83.4","70.4","65","38.85","-7.87","-3.84","-2.07","-0.29"
="2442","新美齊","13.15","-1.13","+5.2","+16.9","+12.4","+15.4","+16.9","+31.6","+19","13.75","13.75","13.75","13.75","13.75","13.75","13.75","12.8","11.3","11.15","11.15","11.05","9.69","9.08","1.51","1.41","+0.36","+1.23"
="2449","京元電子","44.4","-1.44","-1.22","+1.6","+3.38","+6.09","+1.37","+5.34","+22.8","45.85","45.85","45.85","45.85","45.85","51.4","52","44.15","43.8","41.2","41.2","36.4","36.4","33.55","28.1","29.4","+0.26","+0.26"
="2454","聯發科","1085","-0.91","0","+0.46","+4.83","+10.9","+20.4","+8.72","+47.8","1110","1110","1110","1120","1120","1120","1185","1050","1040","991","936","839","839","689","11.5","6.35","-0.69","-0.84"
="2455","全新","144","-0.69","+0.35","-0.35","-1.37","+9.09","+8.27","+21.5","+27.4","149","149.5","162.5","162.5","162.5","162.5","162.5","141.5","141.5","140","130","110.5","109.5","89.6","-13.6","-7.02","-0.34","-0.45"
="2476","鉅祥","65.2","0","+2.03","+7.41","+8.67","+4.82","+12.4","+90.6","+218","66.7","66.7","66.7","66.7","69","69","69","62.3","60.8","55.8","55.8","46.8","33.7","19.85","9.03","13","+0.12","+0.49"
="2481","強茂","109","-2.68","-3.54","+1.87","+0.93","+11.2","+16.1","+91.2","+137","116.5","116.5","116.5","116.5","125","125","125","108","108","100.5","95.8","78","56.1","39.6","-2.52","1.28","-1.24","-1.43"
="2482","連宇","18","+9.76","+13.9","+26.8","+20.8","+30","+40.6","+48.8","+69","18","18","18","18","18","18","18","15.25","14.15","13.6","13.6","12.05","11.15","9.9","-1.07","-1.27","+13.6","+28.4"
="2484","希華","39.85","-2.69","+1.53","-0.99","-3.39","+17.6","+22.1","+32","+68.5","41.1","41.1","43.6","46.1","46.1","46.1","46.1","38.35","38.35","38.2","33.95","28.45","28.45","21.6","-11.6","-11.9","+0.22","+0.17"
="2485","兆赫","22.7","-1.09","+6.82","+9.13","+3.89","+7.08","+30.8","+17","+15.2","23.35","23.35","23.35","23.35","23.35","24.5","27","21.4","21","20.1","20.1","17","17","16.7","-0.27","2.53","+0.62","+0.83"
="2489","瑞軒","18.4","+1.94","+2.51","+2.22","-7.3","-3.16","+8.55","+7.6","+48.4","18.85","18.85","20.2","20.2","20.2","20.2","22.7","18","17.8","17.8","17.6","16.35","16.35","10.95","-13.7","-20.4","+0.59","+0.59"
="2497","怡利電","81.3","-0.25","+4.77","+23.6","+49.4","+108","+149","+180","+187","84.8","84.8","84.8","84.8","84.8","84.8","84.8","75","67","56.1","38.65","28.6","27.9","25.4","5.75","8.45","-0.15","+3.64"
="2498","宏達電","81.3","0","-5.57","+1.37","+0.37","-0.25","+135","+113","+151","88.8","88.8","88.8","97.3","97.3","97.3","97.3","80.1","80.1","72.3","72.3","33.7","33.7","27.7","-2.04","-0.34","+0.86","+0.75"
="2504","國產","27.55","+0.18","+1.1","+3.18","+0.73","+10.2","+23.5","+10.6","+12.9","28.1","28.1","28.1","28.6","28.6","28.6","30.9","27.15","26.65","25.95","25.8","22.25","21.1","20.6","23.5","16.1","0","+0.03"
="2520","冠德","38.8","-0.13","+0.39","+0.52","+1.57","0","-4.55","+6.45","+18.5","39.1","39.1","39.1","39.35","41.1","44.35","44.6","38.6","38.45","37.5","37.5","37.45","36.55","31.5","40.1","29.8","-0.02","+0.07"
="2537","聯上發","10.6","-1.85","-1.4","+1.44","-0.93","+4.43","+6.43","+16.1","+11.9","11.05","11.05","11.05","11.15","11.15","11.15","11.15","10.55","10.5","10.05","10.05","9.3","9.11","7.92","12.1","16.9","0","0"
="2538","基泰","13.25","-3.99","-3.99","-7.02","-9.56","+2.71","+10.4","+34.4","+31.8","14","14.3","15.8","15.8","15.8","15.8","15.8","13.25","13.25","13.25","12.85","11.3","9.87","9.2","-25.6","-20.9","-0.23","-0.75"
="2542","興富發","46.5","0","+0.22","+0.43","-1.27","+3.45","-2.11","+9.93","+4.49","46.8","46.8","47.1","48.7","48.7","49.8","49.8","46.4","46.1","46","45","44.15","42.1","40.4","-34.4","-25.9","-2.7","-7.96"
="2610","華航","29.35","+2.98","+10.5","+12.5","-1.01","+33.1","+88.7","+55.7","+173","29.75","29.75","29.75","31.15","31.15","31.15","31.15","26.8","25.5","24.25","21.85","15.5","15.4","9.97","-1.62","-1.93","-1.09","-2.41"
="2618","長榮航","30.1","+5.06","+14.9","+20.4","+4.88","+20.6","+74","+45.4","+125","30.3","30.3","30.3","30.3","30.3","30.3","30.3","26.3","25.05","23.5","23.5","17.05","17.05","11.9","5.71","5.14","-3.59","-3.44"
="2633","台灣高鐵","29.9","+0.5","+1.18","0","-2.29","+1.87","+1.7","+1.7","-3.08","29.95","29.95","30.7","30.7","30.7","31.1","31.8","29.45","29.3","29.3","29.05","28.2","28.2","26.8","11.4","1.4","-0.01","-0.04"
="2634","漢翔","29.55","-0.34","-0.67","+1.72","-2.8","+0.68","+8.24","+2.6","+3.32","30.4","30.4","30.4","30.85","30.85","31.2","32.1","29.4","29.15","28.8","28.8","27.2","27.2","25.45","-16","-5.24","-0.01","-0.01"
="2801","彰銀","16.9","+0.3","+1.2","+2.11","-1.74","+1.2","+2.42","+1.2","-1.17","16.95","16.95","17.15","17.4","17.4","17.4","18.3","16.6","16.6","16.4","16.4","16.1","15.95","15.95","-0.08","-6.27","0","0"
="2809","京城銀","40.15","+0.12","+0.12","-0.99","-1.95","-2.07","-6.84","-0.25","+5.1","40.5","40.7","41.1","42.1","43.65","44.6","44.6","39.85","39.85","39.85","39.85","39.85","39.25","37.55","-53.6","-53.6","+2.8","+17.8"
="2812","台中銀","12.05","+0.42","+0.84","+0.84","-0.41","+1.26","+4.33","+4.78","+11.1","12.05","12.05","12.1","12.25","12.25","12.25","12.25","11.95","11.95","11.9","11.9","11.35","11.35","10.65","2.3","6.36","-0.69","+0.23"
="2823","中壽","30.8","+0.33","+0.33","+0.98","0","+6.21","+7.13","+26.2","+39.7","30.95","30.95","30.95","31.25","31.25","31.25","31.25","30.6","30.45","30.15","28.9","28.7","24.15","21.9","31","31.2","+0.16","+0.21"
="2834","臺企銀","9.76","0","+1.24","+1.46","-1.31","+2.85","+3.83","+2.52","+2.41","9.79","9.79","9.88","10.05","10.05","10.05","10.3","9.63","9.6","9.6","9.48","9.4","9.36","9.1","-22.7","-33.2","-0.01","0"
="2838","聯邦銀","12.95","+1.17","+4.86","+5.71","+5.28","+9.28","+10.2","+11.6","+25.1","13.05","13.05","13.05","13.05","13.05","13.05","13.05","12.35","12.25","12.05","11.8","11.6","11.35","10.3","29.5","26.1","0","-0.22"
="2845","遠東銀","10.65","+0.47","+0.95","+1.91","+0.47","+1.43","-3.18","+0.47","+0.95","10.65","10.65","10.65","10.9","11.15","11.15","11.2","10.5","10.45","10.4","10.4","10.3","10.3","10.2","19.2","14.1","0","0"
="2867","三商壽","9.26","+0.11","+0.54","+0.22","-2.22","+0.98","+1.31","-1.49","+11.2","9.3","9.33","9.48","9.6","9.6","9.6","10.9","9.19","9.16","9.16","9.13","9.05","8.93","7.96","-6.25","-19.3","0","0"
="2880","華南金","21","+0.48","+1.45","+2.19","+0.72","+2.69","+0.96","+14.8","+18.6","21","21","21","21.35","21.35","21.35","21.35","20.6","20.45","20.2","20.2","19.95","18","17.15","1.78","1.34","0","+0.14"
="2881","富邦金","76","0","+2.56","+3.12","+2.29","+3.97","-1.81","+2.98","+68.5","76.2","76.2","76.2","77.2","83.2","85.7","85.7","73.9","73.4","73","72.8","72","69.7","44.1","18.9","2.02","+0.6","+0.53"
="2882","國泰金","60.7","0","+1.17","+2.02","-1.46","+3.76","+3.41","+11","+48","61.2","61.2","61.3","63.5","63.5","63.5","63.5","59.6","59.4","59","58.2","55.4","51.5","39.9","2.94","5.91","+0.03","+0.1"
="2883","開發金","16.65","+0.91","+1.22","+3.1","-0.89","+16.4","+20.7","+33.7","+87.1","16.8","16.8","16.8","17.5","17.5","17.5","17.5","16.3","16.2","15.9","14.25","13.75","12.1","8.9","-16.6","-14.1","-1.66","-0.75"
="2884","玉山金","28","0","+0.36","+1.08","+0.36","+3.7","+6.67","+8.32","+11.6","28.05","28.05","28.05","28.25","28.25","28.25","28.25","27.65","27.6","26.95","26.95","25.8","25.35","23.6","41.8","37","+0.22","+0.23"
="2885","元大金","25","-0.2","+0.4","+1.83","+0.4","+3.31","+1.63","-1.96","+28.5","25.25","25.25","25.25","25.4","25.4","27.8","27.8","24.7","24.5","23.7","23.7","23.7","23.15","19.35","3.13","7.44","-2.51","-2.59"
="2886","兆豐金","35.3","+0.28","+2.02","+3.07","+2.32","+4.75","+9.29","+6.65","+22.8","35.3","35.3","35.3","35.3","35.3","35.3","35.3","34.3","33.9","33.55","33.5","31.85","30.6","28.15","24","16.4","+0.7","-0.35"
="2887","台新金","19","+0.8","+1.6","+2.15","+1.6","+3.83","+5.85","+25.8","+46.7","19","19","19","19.45","19.45","19.7","19.7","18.6","18.45","18","18","17.65","14.7","12.5","33.4","29.9","+0.03","+0.11"
="2888","新光金","10.85","+0.46","+2.36","+3.83","-3.98","+9.82","+16.9","+11.5","+26.8","10.9","10.9","11.25","11.7","11.7","11.7","11.7","10.6","10.45","10.4","9.8","9.07","8.93","8.03","-20.2","-18.3","-0.41","-0.07"
="2889","國票金","15.9","0","+0.32","0","-1.85","+0.95","+0.63","-2.45","+31.4","16","16","16.2","16.45","16.45","17.7","18.2","15.75","15.75","15.7","15.65","15.45","15.45","12","-2.69","-2.8","-0.01","+0.16"
="2890","永豐金","15.7","+0.96","+2.28","+3.63","+1.29","+11","+12.1","+15","+42.1","15.7","15.7","15.7","15.7","15.7","15.7","15.7","15.1","15.1","14.9","14.15","13.65","13.2","10.95","10.8","12.4","+0.03","-0.01"
="2891","中信金","25.9","-0.19","+1.77","+3.6","+3.81","+9.98","+13.3","+15.1","+34.9","26.05","26.05","26.05","26.05","26.05","26.05","26.05","25.25","24.85","24.2","23.4","22.2","21.05","19","25.4","30.7","+0.06","-0.2"
="2892","第一金","24","0","+0.84","+1.27","+0.84","+4.12","+7.38","+8.6","+16.5","24.1","24.1","24.1","24.1","24.1","24.1","24.1","23.65","23.55","23.1","23","22.1","21.95","20.2","30.7","21","+0.36","+0.32"
="2897","王道銀行","7.95","+0.13","+1.53","+2.32","-0.38","+1.02","+0.51","+13.4","+21.7","7.98","7.98","7.98","8.28","8.68","8.68","8.68","7.83","7.8","7.74","7.74","7.45","6.8","6.46","23.5","21.9","-0.01","-0.01"
="2912","統一超","277","+0.73","+0.18","-0.18","-2.64","-4.65","+2.03","+4.73","+3.75","278.5","279","285","294","294","294","294","274.5","273","269","269","269","258","253.5","-8.72","-14.9","+0.01","-0.01"
="3003","健和興","93","+0.32","+0.11","+1.09","-0.64","-3.53","+4.61","+26.9","+109","94.5","94.5","94.5","103","104","109","109","92.2","92","88.1","88.1","79.6","73.9","41.05","18.8","18.4","+0.27","+0.28"
="3011","今皓","12.5","+6.84","+7.3","+12.1","+3.31","-1.57","+12.1","+60.7","+86.8","12.5","12.5","12.5","13","13.75","13.75","13.75","11.6","11.2","11.05","11","9.38","7.21","6.25","22.1","22.4","0","0"
="3016","嘉晶","142.5","-5.32","-5","-3.72","-2.4","+48.1","+64.9","+112","+90.8","153","154.5","154.5","154.5","154.5","154.5","154.5","140","140","136.5","95.5","75.8","67.2","54.7","4.55","0.88","-0.48","-2.6"
="3017","奇鋐","88.7","-0.67","-0.56","+3.14","+3.38","+1.37","+18.1","+23.9","+24.2","96.4","96.4","96.4","96.4","96.4","96.4","96.4","87.5","86.8","82.4","80.6","71.2","66.8","52.5","-2.43","2.36","-0.07","+0.62"
="3019","亞光","96.9","-1.62","-0.72","-0.1","+2","+14.1","+21.3","+19.2","+23","100.5","101.5","103.5","103.5","103.5","103.5","103.5","96.6","96.2","90.5","84.6","70","70","66.5","-2.67","-3.05","-0.16","-0.15"
="3023","信邦","253","-1.56","-2.5","+0.4","-2.69","+6.53","+19.1","-6.64","+24.9","272","272","272","272","272","298","298","250.5","241.5","241.5","237.5","210.5","207.5","195.5","-0.96","-3.05","+6.12","-0.01"
="3024","憶聲","14.7","+6.91","+8.89","+9.29","+7.69","+0.68","+17.6","+17.6","+28.4","15.1","15.1","15.1","15.3","15.3","15.3","18.05","13.5","13.3","13.2","13.2","12.2","12.15","9.86","4.88","4.98","0","0"
="3031","佰鴻","25.5","-2.49","+2.2","+4.94","-0.58","+4.08","-0.97","+38.2","+69.4","26.7","26.7","26.7","26.9","27.45","31.85","31.85","25","24.25","22.85","22.85","20.05","18.2","14.2","-2.13","-1.6","-0.58","-0.62"
="3033","威健","29.5","+1.2","+1.55","+1.03","-0.51","+3.33","+16.1","+22.4","+49","29.6","29.6","30.35","33","33","33","33","28.95","28.95","28.4","28.4","25.3","21.7","18","7.21","6.82","-1.33","-1.13"
="3035","智原","188.5","-3.08","+5.6","+2.17","+6.8","+4.14","+87.6","+165","+265","197.5","197.5","197.5","207.5","219","219","219","175","175","171.5","171.5","99.7","73","48.3","8.88","0.99","+5.17","-0.36"
="3036","文曄","65.2","-0.31","0","+0.15","+0.93","+0.93","+6.71","+19.6","+59.4","65.9","66","67.4","67.4","67.4","69.3","69.3","64.9","64.8","62.4","62.4","57.4","53.3","40","16.2","19.2","-0.02","-0.02"
="3037","欣興","218","-1.36","-0.46","+2.35","+3.56","+13.2","+51.4","+69","+162","228","228","229.5","229.5","229.5","229.5","229.5","215","212","201.5","189","115","115","80","3.36","4.06","-0.5","+0.75"
="3041","揚智","34.5","+1.62","+3.29","+2.83","-0.86","+23.2","+18.2","+25.2","+6.98","35.4","35.8","35.8","41.3","41.3","41.3","41.3","32.6","32.6","32.55","28.05","22.7","22.7","20.6","-0.13","-0.86","-0.64","-0.52"
="3044","健鼎","123","+0.82","+0.82","+1.65","+3.36","+6.03","+6.03","-3.53","-1.2","123.5","123.5","125","125","125","139","147","120","120","119.5","113","109.5","108","108","44.4","33.6","+0.02","-0.07"
="3045","台灣大","98.8","+0.2","+0.82","0","0","0","+0.3","-4.54","+1.02","99","99","99","100.5","100.5","109.5","109.5","98","97.5","97","97","97","96","95.5","15.4","-1.98","0","0"
="3046","建碁","39.75","-8.3","-1.12","+1.92","-1.49","+56.5","+97.8","+74.3","+145","44.8","44.8","44.8","44.8","44.8","44.8","44.8","39.3","38.75","37.45","23.2","17.8","17.8","14.65","1.66","2.66","0","0"
="3049","和鑫","13.8","+1.1","-0.36","+3.76","-1.08","+11.3","+23.2","+8.24","+18.5","14.25","14.25","14.25","16","16","16","16","13.6","13.35","12.9","12.45","10.6","10.6","9.35","7.47","5.62","+0.19","+0.28"
="3050","鈺德","17.8","+0.28","-0.28","+0.85","+1.14","+1.14","+18.7","+21.9","-9.64","18.8","18.8","18.8","18.8","18.8","18.8","21.9","17.65","17.65","16.35","16.35","13.55","13.55","12.5","3.32","3.07","-0.04","+0.17"
="3051","力特","14.9","+9.96","+32.4","+36.7","+29.6","+40.6","+62.8","+78.4","+157","14.9","14.9","14.9","14.9","14.9","14.9","14.9","11.75","10.85","10.5","10.05","8.5","8.28","5.25","2.03","1.64","0","0"
="3059","華晶科","41.25","+0.73","+6.59","+6.73","+3.77","+5.77","+18.9","+16","+14.3","42.3","42.3","42.3","42.3","42.3","43","48.55","38.1","38.1","36.6","36.6","30.4","30.4","27.4","1.07","0.94","-0.12","-0.12"
="3062","建漢","31.35","-0.79","-0.32","+2.45","-9.39","+19.7","+76.6","+56.4","+92.3","33.05","33.3","34.35","37.65","37.65","37.65","37.65","31.2","30.75","30","25.8","17.05","16.6","14.55","-4.77","-6.68","-0.04","-0.9"
="3090","日電貿","54.1","-1.46","-4.59","-1.99","+3.24","+5.05","+6.71","+1.31","+4.84","55.8","57.7","57.7","57.7","57.7","60.6","63.1","53.8","53.8","51.3","51.3","48.8","48.7","46.3","-16.4","-1.33","+0.03","+0.01"
="3105","穩懋","377","+4.14","+6.2","+7.1","+7.41","+8.02","+15.1","+5.31","+5.31","378","378","378","378","378","402","467.5","357","351.5","339","339","290.5","290.5","276.5","20.1","16.2","-1.18","-0.79"
="3122","笙泉","60.5","-1.94","-6.78","-6.78","-1.63","+21","+17.9","+54.1","+213","68.7","68.7","68.7","72.8","72.8","72.8","72.8","60.3","60.3","58.5","50.1","37.25","35.4","15.85","0.07","-0.38","-0.29","-1.28"
="3128","昇銳","23.4","-4.88","+0.65","+2.63","+0.65","+1.3","+31.1","+33.7","+77.9","25","25","25","25","25","25","26.5","22.7","22.7","21.5","21.5","17.65","17.15","12.7","1.53","0.64","+0.07","+0.05"
="3141","晶宏","260","+0.78","+4.84","+12.3","+5.48","+19","+60.5","+194","+520","270.5","270.5","270.5","285","285","285","285","245","232.5","226","212.5","130","85","38.3","4.39","3.92","-0.4","-0.26"
="3169","亞信","282.5","+3.1","-2.59","+8.24","+6.81","+59.2","+113","+88.3","+565","295","299.5","299.5","299.5","299.5","299.5","299.5","271.5","262.5","231.5","176.5","112","112","41.3","-2.02","-0.71","-0.23","+2.94"
="3189","景碩","229.5","-3.16","-3.16","-0.22","-3.97","-5.75","+12.5","+88.9","+168","240","243.5","244.5","257.5","257.5","257.5","257.5","228","228","220","220","181","113","73.1","-9.06","1.86","-1.72","-2.95"
="3207","耀勝","24.1","-0.41","-0.41","+2.55","-2.43","-10.7","+29.9","+113","+141","25.9","25.9","25.9","28.7","28.7","28.7","28.7","23.65","23.1","23.1","21.9","13.05","10","9","7.63","14.7","-0.75","-1.17"
="3217","優群","132","+7.76","+3.94","+7.32","+25.1","+40","+36.5","+26.9","+12.8","134.5","134.5","134.5","134.5","134.5","134.5","138.5","122.5","121.5","102","92.7","79.6","79.6","79.6","11.1","10.5","+1.34","+1.35"
="3221","台嘉碩","42.8","-0.12","-1.61","+4.14","+6.2","+23.7","+25.3","+92.8","+84.1","44.35","44.35","47.6","47.6","47.6","47.6","47.6","41.25","41.25","37","33.75","26.1","22.2","17.75","-3.51","-3.28","-0.19","0"
="3231","緯創","29.15","-0.17","-0.51","0","-1.69","+1.04","+7.56","-3.64","-9.33","29.4","29.4","29.9","29.9","30.05","33.15","34.8","28.95","28.8","28.6","28.5","26.9","26.55","26.55","2.98","1.88","-0.05","-0.06"
="3276","宇環","18.4","-2.9","+0.27","+8.55","+8.55","+2.51","+26","+43.8","+83.1","20","20","20","20","20","20","21.75","17.65","16.85","16","16","14.55","11.9","9.5","-5.27","-2.9","0","0"
="3290","東浦","21.35","+0.71","-5.11","-3.39","+17.3","+40.5","+71.5","+68.1","+29.4","23.5","23.5","23.5","23.5","23.5","23.5","23.5","20.75","20.75","18","15","12.4","12.05","11.55","1.58","3.93","-1.75","-1.83"
="3294","英濟","36.15","-5.98","-0.14","+10.9","+61","+55.2","+119","+57.2","+61.7","39.95","39.95","39.95","39.95","39.95","39.95","39.95","35.5","31.85","22.25","21.5","16.25","16.2","16.2","-0.88","-0.04","-0.21","+0.95"
="3305","昇貿","81.1","-1.93","+2.14","+4.24","+0.12","+0.37","+68.1","+65","+175","85.6","85.6","85.6","92.4","92.4","92.4","92.4","81","76.3","76","76","47.45","43.1","26.65","-1.28","-0.46","+0.08","-0.48"
="3306","鼎天","35.9","-2.05","-12.2","+1.41","+25.3","+23.4","+43.6","+73.4","+87.5","41.3","42.75","42.75","42.75","42.75","42.75","42.75","35.6","35","28.65","27.35","23.6","19.9","18.4","1.81","0.13","-1.48","-1.11"
="3312","弘憶股","24.1","0","-1.43","-6.04","-5.68","+5.7","+12.6","+19","+65.6","25.25","25.85","29.05","29.05","29.05","29.05","29.05","23.85","23.85","23.85","22.5","18.6","18.6","14.05","-23.9","-23.2","+0.37","-0.73"
="3317","尼克森","79.5","-2.45","-2.33","-1.85","-0.13","+2.32","+7","+23.6","+83.2","84.3","84.3","84.7","86.6","86.6","97.9","97.9","79.5","79.5","75.1","75.1","59.5","59.5","41","0.63","1.98","-0.84","-0.99"
="3321","同泰","14.1","-2.76","-5.05","+2.17","+5.62","+8.46","+14.2","+7.63","-9.03","15","15.1","15.1","15.1","15.1","15.4","16.25","13.9","13.75","12.6","12.6","10.85","10.85","10.6","6.62","-1.16","0","0"
="3324","雙鴻","202.5","-0.25","+4.65","+6.86","+8.29","+27.4","+23.1","+15.7","-10.6","208.5","208.5","208.5","208.5","208.5","213.5","252","191","188.5","174.5","159.5","150.5","148.5","135","5.6","9.48","-0.21","-0.11"
="3338","泰碩","54.3","-1.09","-6.7","-12.7","-5.73","+32.1","+32.9","+10.4","-18.6","58.7","64.2","64.2","64.2","64.2","64.2","67.7","53.2","53.2","51","40.5","35.8","35.8","35.8","3.03","0.82","-0.15","-2.56"
="3354","律勝","21.05","+1.45","-4.32","+7.67","+7.4","+13.8","+29.9","+54.2","+63.8","23.9","23.9","23.9","23.9","23.9","23.9","23.9","20.6","19.65","17.4","17.4","14.55","13.55","11.35","-5.19","-0.64","-0.58","+0.67"
="3363","上詮","34.2","-1.72","-13.3","-1.16","-0.58","-0.87","+31","+33.9","+17.3","39.85","39.85","39.85","39.85","39.85","39.85","39.85","34.05","34.05","31.3","31.3","25.2","24.35","22.05","-9.17","-3.53","-2.81","-0.24"
="3406","玉晶光","557","+3.34","+9","+7.74","+7.12","+32.5","+12.2","+7.12","-10.5","557","557","562","562","562","629","629","513","503","497","418","370","370","369","24.7","15.3","+2.07","+1.03"
="3413","京鼎","238","-1.65","+1.06","+5.78","+9.17","+11.5","+11.7","-0.42","+3.25","251","251","251","251","251","268","281.5","230.5","225","207.5","207.5","188","188","183.5","-0.84","2.55","+0.18","+0.27"
="3419","譁裕","28.1","+0.72","+15.4","+13.1","-11.6","+67.8","+83.1","+47.1","+43.4","29.4","29.4","31.8","32.4","32.4","32.4","32.4","24.65","24.05","24.05","18.4","13.6","13.6","13.6","-3.11","-3.18","+1.51","-0.01"
="3434","哲固","18.7","+1.08","+3.89","-0.53","+10.3","+14","+37","+29.9","+34.1","20.5","20.5","20.5","20.5","21.25","21.25","21.25","18.1","17.6","16.2","15.05","13.15","12.8","12.65","1.67","1.45","+0.46","+0.19"
="3443","創意","587","+2.44","+2.62","-1.34","+4.82","-0.68","+32.5","+60.6","+68.9","588","616","616","621","639","639","639","562","562","552","552","438.5","362","301","22.4","2.48","+3.79","-4.63"
="3455","由田","79.7","+4.73","+10.7","+13","+10.4","+15","+41.8","+35.3","+36","80","80","80","80","80","80","80","71.4","70.6","68.6","67.6","51.7","51.7","50.6","5.42","6.18","+0.14","+0.02"
="3466","致振","18.8","+4.44","+0.53","+15","+9.62","+0.8","+12.2","+60.7","+48.6","19.85","19.85","19.85","19.85","21.15","21.15","21.15","17.65","16.6","15","15","13.55","11.7","10","-1.57","3.67","-0.63","-1.46"
="3484","崧騰","77.4","-2.03","-3.49","+0.91","-1.65","+9.32","+4.45","+9.63","+27.7","80.8","81.5","81.5","82.1","82.1","84.9","87.5","77.3","76.7","76.1","68.3","60.5","60.5","51.3","-11.3","-2.05","-0.44","-0.06"
="3490","單井","32.6","-1.21","-2.4","+0.15","+2.03","+21.4","+32.3","+39.9","+3.66","33.75","34.4","35.95","35.95","35.95","35.95","38.6","32.05","32.05","30","26.7","22.6","22.6","20.25","-3.19","-7.41","+0.41","+0.26"
="3491","昇達科","177.5","-2.74","+7.58","+10.9","+1.43","+22.4","+145","+166","+137","184","184","184","188","188","188","188","164","158","151.5","144.5","71.5","64.9","58.6","-0.21","-0.06","-0.05","-3.35"
="3499","環天科","25.9","-0.58","+20.2","+33.5","+38.1","+90.4","+104","+101","+122","28.6","28.6","28.6","28.6","28.6","28.6","28.6","22.1","19.4","18.7","13.1","11.8","11.8","10.8","-0.1","0.11","+15.7","+16"
="3504","揚明光","127","-0.78","-1.55","+3.25","0","-3.42","+16.5","+65.1","+110","132.5","135","135","154","154","154","154","124.5","124.5","116","116","96.1","75.4","53","1.73","-1.93","+2.36","+0.58"
="3508","位速","70","+6.38","+13.5","+37.3","+34.4","+72.8","+266","+219","+194","73.6","73.6","73.6","73.6","73.6","73.6","73.6","62.9","51.8","46.45","41.6","18.65","18.5","18","0.34","0.12","+8.16","+12.5"
="3515","華擎","287.5","+0.35","+16.9","+16.6","+21.8","+39.9","+104","+66.7","+66.2","288.5","288.5","288.5","288.5","288.5","288.5","288.5","246","238","219.5","200.5","139.5","125","125","2.82","3.2","+3.31","+2.93"
="3520","華盈","15.75","-1.56","+4.65","+15.4","+8.62","+19.8","+21.2","+18.9","-3.08","17.9","17.9","17.9","17.9","17.9","17.9","18.8","15.2","13.7","13.3","13.15","12.5","12.05","12.05","0.02","0.15","",""
="3532","台勝科","280","-6.04","+7.49","+8.95","+19.7","+65.7","+56.4","+60.5","+91.8","307.5","307.5","307.5","307.5","307.5","307.5","307.5","257","251","224","167","138.5","138.5","124.5","-0.54","2.46","+1.86","+4.66"
="3576","聯合再生","22","+0.92","+3.29","+7.58","+1.62","-8.71","+5.77","+61.2","+46.2","22.4","22.4","22.4","24.1","26.25","26.25","26.25","21.2","20.85","20","20","19","12","11.2","2.47","-5.58","0","0"
="3588","通嘉","147.5","0","-3.59","-6.05","-1.99","+10.1","+18.5","+67.2","+187","159.5","161","168.5","174.5","174.5","174.5","174.5","147","147","143","132.5","106.5","80.2","50.8","-4.65","-1.18","-2.78","-3.3"
="3591","艾笛森","25.25","-2.88","+1.41","+12.2","+13.7","+16.6","+13.7","+29.5","+64","27.6","27.6","27.6","27.6","27.6","31.5","31.5","25.1","22.65","20.8","20.8","17.65","17.65","14.6","-3.45","-3","+7.03","+7.69"
="3596","智易","113","+4.15","+5.61","+4.63","+5.12","-1.31","+25","+12.4","+14.5","115","115","115","120","120","120","128","107.5","106","103","103","88.7","87.2","83.6","23","19.6","+3.18","+3.09"
="3624","光頡","58.5","+3.91","+14.7","+16.8","+21.1","+37.3","+39.3","+82.2","+84.5","61.9","61.9","61.9","61.9","61.9","61.9","61.9","50.7","50","44.7","41.3","34.15","31.8","26.05","0.63","-0.7","+2.04","+1.58"
="3653","健策","429","+0.23","-0.23","-2.72","+3.37","+10.4","+45.9","+41.6","+49.2","454","461","461","461","461","461","461","422","422","397.5","378","292","276.5","202","3.81","-0.05","-1.58","-0.41"
="3675","德微","273.5","-1.8","-2.67","+7.25","+14","+6.21","+43.6","+158","+252","308","308","308","308","309","309","309","270","260","227.5","227.5","154","98","64.5","0.41","1.81","-1.6","+2.17"
="3680","家登","320","+0.79","0","+5.61","+25.2","+21.7","+36.8","+17","+9.97","325.5","334.5","334.5","334.5","334.5","334.5","383.5","308.5","303","250.5","248","208","208","208","16","15.1","+0.32","+0.52"
="3685","元創精密","41","-0.24","-0.73","+8.47","+2.37","+26.5","+66","+53.8","+116","45.4","45.4","45.4","47.5","47.5","47.5","47.5","39.5","37.3","34.95","32.35","21.2","21.2","18.25","-2.88","-0.53","-0.33","+0.46"
="3689","湧德","46","+1.55","+0.11","+8.11","+4.9","+3.6","-10.9","+55.4","+30.7","46.75","46.75","46.75","46.75","54.7","54.7","54.7","44.65","43.05","41.2","41.2","39.9","27.8","24.6","3.89","8.55","-0.35","+1.41"
="3701","大眾控","90.3","-1.85","+5.61","+4.51","+21.5","+62.4","+251","+536","+584","98","98","98","98","98","98","98","83.7","83.7","72.1","55.9","24.2","13.4","12.8","0.82","0.07","-4.81","-6.96"
="3702","大聯大","50.2","0","-1.18","+0.2","-0.79","-4.02","+5.02","-0.4","+19.1","50.8","50.8","50.8","52.7","53","61","61","50.1","50","49.2","49.2","46.85","46.55","41.65","-20","-16","-0.12","-0.18"
="3706","神達","32.75","+0.15","+1.39","+3.31","-0.46","+12.7","+15.7","+18.9","+5.14","33.1","33.1","33.1","35","35","35","35","32.35","31.95","31.2","28.9","27.35","26.85","25.3","-7.77","-5.52","-0.02","-0.18"
="3707","漢磊","141.5","-1.05","-5.35","-9.29","-2.75","-0.35","+39.4","+102","+257","151","159","159","173","173.5","173.5","173.5","139","139","137","137","99.7","70.3","37","-9.33","-7.14","-5.89","-8.88"
="4127","天良","14.4","-3.68","-10","+8.27","+22","+23.1","+19","+27.4","+32.7","15.45","16.05","16.05","16.05","16.05","16.05","16.05","13.8","13.3","11.65","11.55","10.7","10.2","9.81","-1.97","-0.55","",""
="4128","中天","68.5","-1.3","+3.01","+7.87","-1.15","+16.3","+22.1","+5.06","+8.73","71.3","71.3","72","75.3","75.3","75.3","82.5","65.6","63.7","63","57.7","50.2","50.2","50.2","13.2","8.45","+0.01","+0.03"
="4141","龍燈-KY","24.85","+2.69","+2.26","+15.3","+17.5","+3.76","+61.4","+105","+108","25.4","25.4","25.4","25.4","30","30","30","23.65","21.9","20.4","19.85","13.55","11.45","11.05","-3.14","0.19","-0.3","-0.28"
="4303","信立","28.7","-1.03","-16.6","-1.71","-2.71","+37.3","+79.9","+51.5","+22.6","34.2","34.7","34.7","34.7","34.7","34.7","34.7","28.15","28.15","27.2","20.9","15.85","15.85","15.85","-0.39","0.35","-0.23","+0.24"
="4513","福裕","14.6","-4.58","+0.69","+3.91","0","+1.74","+54.8","+46","+69.4","15.9","15.9","15.9","17","17","17","17","14.55","14","13.6","13.6","9.34","9.28","8.18","3","9.36","-1.59","-1.32"
="4533","協易機","13.15","-2.95","+5.62","+10.5","+10.5","+14.3","+12.4","+16.9","+15.4","13.85","13.85","13.85","13.85","13.85","13.85","14.5","12.4","11.95","11.6","11.25","10.8","10.8","10.4","0.4","0.62","0","0"
="4714","永捷","14.05","-1.4","-1.4","+0.36","-4.75","-5.7","+12","+9.34","+13.8","14.6","14.6","14.9","15.95","15.95","16.15","16.15","14","14","13.65","13.65","12.5","11.75","11.15","-12.4","-9","+0.39","+0.48"
="4721","美琪瑪","154","+1.32","-0.65","+3.01","-4.94","-3.75","+21.3","+152","+149","159","159","163","184.5","184.5","184.5","184.5","150.5","146.5","146.5","146.5","102","60.8","50","-7.2","1.33","-5.21","+5.35"
="4739","康普","146.5","+2.81","+1.74","+5.4","+0.69","-2.01","+29.6","+90","+145","151","151","151","170","176.5","176.5","176.5","140","138.5","136.5","136.5","98.2","76.2","57.7","-7.1","0.97","-3.32","+3.75"
="4743","合一","297.5","-1","+0.34","+2.76","-0.17","+17.1","+55.8","+28","+26.9","312.5","312.5","314.5","338","338","338","338","291","285.5","275.5","245","165","165","165","-0.97","-4.66","",""
="4744","皇將","31.95","+3.4","+15.8","+14.7","+13.3","+23.4","+24.1","+22.4","+3.73","33.85","33.85","33.85","33.85","33.85","33.85","33.85","27.7","27.5","27.5","25.6","24.45","24.45","23.05","-0.54","-0.59","+0.12","+0.12"
="4755","三福化","101","0","+7.68","+23.5","+22.7","+14.6","+56.6","+59.3","+51.2","106","106","106","106","106","106","106","91.1","82.6","77","77","64.8","59.6","56.2","0.45","1.05","+0.7","+1.34"
="4904","遠傳","63.2","+0.48","+0.96","-0.32","-0.32","+0.32","+4.64","-3.66","+3.61","63.6","63.6","63.6","65","65","65.9","66.8","62.4","62.3","61.5","61.5","60.3","60","59.8","28.4","22.3","0","0"
="4915","致伸","53.6","-2.19","+0.19","0","0","+7.85","+3.28","+2.68","+9.95","55.2","55.2","55.4","59","59","64.8","67","53.6","52.9","50.8","49.8","48.75","47.8","46.35","-11.1","-15","+0.08","+0.19"
="4916","事欣科","31.85","+2.08","+3.24","+3.24","-3.78","-5.35","+27.1","+36.1","+21.1","33","33","33.4","39.55","39.55","39.55","39.55","31.05","30.8","29.5","29.5","22.55","22.55","20","0.39","0.94","-0.39","-0.77"
="4919","新唐","141","-2.42","-5.37","-7.24","+1.44","+8.46","+6.02","+69.7","+176","151.5","158","164.5","164.5","164.5","175","175","141","141","137","129","115","77.8","41.7","-5.34","-3.17","-1.63","-2.04"
="4927","泰鼎-KY","95","-0.42","-0.63","-3.36","-5","+1.5","+32.9","+69","+22.3","98","99.9","114","114","114","114","114","93.4","93.4","93.4","90.1","64.5","53.6","44.55","3.67","1.65","+0.09","+0.28"
="4934","太極","34.2","+1.63","+0.15","+3.17","-4.07","-6.68","+3.48","+43.7","+15.3","35","35","35.85","38.55","42","42","42","33.3","33.3","32.45","32.45","31.4","22.95","20.7","7.68","4.76","0","0"
="4938","和碩","68","+1.34","+1.64","+2.41","+0.29","-1.45","+5.92","-6.85","-2.02","68","68","68","69.2","70.9","75","84.5","66.6","66.1","66.1","66.1","64.1","63.5","63.5","26","12.8","0","-0.81"
="4956","光鋐","28","+1.27","+0.54","+4.09","+3.32","+18.6","+12.4","+22.5","+39.3","30.4","30.4","30.4","30.4","30.4","33.45","33.45","26.95","26","25.4","23.6","20.3","20.3","18.1","-0.98","-0.33","-1.02","-1.17"
="4960","誠美材","13.15","+2.33","+6.05","+6.91","+0.77","+6.48","+19","+11.4","+5.2","13.25","13.25","13.25","13.9","13.9","13.9","16","12.4","12.15","12.15","12.1","10","10","10","3.66","1.2","+0.4","+0.27"
="5011","久陽","38.85","-4.19","-7.5","-2.88","+14.3","+17.4","+52.4","+47.4","-2.88","43","44","44","44","44","44","46.45","37.5","37.5","30.55","30.55","23.6","23.6","20.8","-1.36","0.3","-1.48","+0.38"
="5230","雷笛克光學","34.9","-0.57","-2.24","+0.87","-3.46","+19.1","+17.1","+21.8","+28.3","37.2","37.2","37.2","38.7","38.7","38.7","38.7","34.65","34.65","33.05","29.4","27.7","27.55","23.8","-1.72","-0.78","0","-0.03"
="5234","達興材料","133.5","-3.96","+3.09","+15.1","+15.6","+20.8","+49.7","+51.7","+56.1","141","141","141","141","141","141","141","129","122","106","106","85.5","84","81.9","-3.46","-4.24","+0.54","+0.46"
="5245","智晶","90.8","-4.62","+12.8","+36.3","+75.3","+94","+107","+129","+138","98","98","98","98","98","98","98","84.6","70","47.8","46.4","42.25","38.1","33.8","2.25","2.01","+17.9","+27.2"
="5258","虹堡","33.85","-1.74","-0.15","+1.65","+1.04","+6.28","+8.15","+58.2","+48.1","35.4","35.4","35.4","36.1","38.15","38.15","38.15","33.2","33.2","30.7","30.3","24.4","19.85","17.8","1.9","7.07","+0.06","+0.08"
="5272","笙科","40.7","-1.57","-3.1","+2.78","+2.26","+5.3","+8.24","+16.3","+110","42.4","42.4","42.4","43","45.35","45.4","46.9","40","39.7","36.2","36.2","30.1","29","18.85","1.27","10.1","+0.28","-0.23"
="5309","系統電","44.5","-1.44","-2.09","+3.37","-1","+14.5","+35.9","+45.7","-4.2","47","47","47","47","47","47","47","44.5","43.6","40.5","37.8","29.9","28.35","23.9","-4.18","-1.06","",""
="5315","光聯","17.8","+1.42","-0.28","+1.42","-2.2","+8.54","+16.3","-6.07","+14.5","17.95","18.1","18.15","20.15","20.15","21.05","21.85","17.35","17.1","16.85","16.25","14.2","14.2","14.2","11.3","1.14","0","0"
="5344","立衛","32","-7.65","+1.59","+22.8","+30.1","+44.5","+100","+118","+121","38.1","38.1","38.1","38.1","38.1","38.1","38.1","30.85","25.5","21","21","13.2","13.2","12","-0.64","1.13","",""
="5347","世界","153.5","-3.46","-6.97","-6.97","+1.32","-1.29","-6.4","+32.3","+24.3","165","168","168","168","177","177","177","152","152","145.5","145.5","136","110","98.5","-18.7","-9.95","+10.2","+9.35"
="5351","鈺創","87.9","+4.02","+1.85","+4.39","+1.5","+9.19","+104","+235","+257","92.9","92.9","94","104","104","104","104","84.3","84.3","80.2","75","37.1","24.95","19.7","0.51","0.06","-1.96","-2.02"
="5356","協益","32.05","-6.15","+5.95","+11.7","+23.7","+21.4","+22.6","+10.3","+17","34.9","34.9","34.9","34.9","34.9","34.9","34.9","30.3","29.1","25.6","25.6","25.6","25.55","25.55","0.16","0.22","+0.64","+1.17"
="5371","中光電","81.6","+0.25","-4.34","+1.12","-0.85","+19.5","+54.8","+26.3","+122","87.4","87.4","87.4","96","96","96","96","81.2","81.2","75.6","68.4","52.4","52.1","35.1","-4.27","-1.71","-0.29","-0.09"
="5383","金利","47.7","-2.85","+17.5","+17.8","+35.7","+48.6","+77.3","+105","+128","51.7","51.7","51.7","51.7","51.7","51.7","51.7","40.6","39.7","34.4","29.4","25.9","22.5","19.2","4.29","6.17","",""
="5388","中磊","68.8","+0.15","+5.36","+3.61","+2.38","+3.3","+2.38","+4.24","-15.1","69.8","69.8","69.8","70.3","70.3","70.7","83","67.3","65","63.6","63.6","59.7","59.7","59.1","8.86","1.12","+0.04","+0.09"
="5469","瀚宇博","45.25","-1.52","+0.89","+1.46","-0.55","+1.34","+9.83","+1","-2.79","46.05","46.05","46.05","47.95","47.95","51.2","54","44.85","44.4","43.15","43.15","37.9","37.9","37.9","-7.34","-5.72","-0.07","-0.07"
="5483","中美晶","220.5","+0.68","+4.01","+7.56","+3.76","+13.4","+16.4","+20.5","+28.2","224.5","224.5","224.5","225","225","225","225","206.5","206.5","197","191","168","160","140","7.81","6.28","+0.74","+0.78"
="5607","遠雄港","66.5","+5.22","+13.1","+15.5","+21.6","+21.8","+69","+92.2","+122","66.6","66.6","66.6","66.6","66.6","66.6","66.6","58.3","57.3","51.5","51.4","36.2","34.05","25.7","0.67","-4.09","-0.6","-1.82"
="5871","中租-KY","259.5","-1.52","+1.17","+2.37","+5.06","-0.38","-1.89","+26.9","+65.8","264.5","264.5","264.5","264.5","283.5","283.5","283.5","251.5","251.5","239.5","239.5","223","196","150.5","9.43","9.95","+0.44","+0.71"
="5876","上海商銀","47.7","-0.21","+1.92","+1.49","+1.06","+6.12","+4.26","+6","+21.8","47.9","47.9","47.9","48.15","48.15","48.15","48.15","46.35","46.35","45.2","44.55","42.6","40.2","37.4","28.9","20.7","+0.35","+0.35"
="5880","合庫金","25.2","+2.02","+4.13","+5.44","+5.44","+9.57","+15.1","+20","+27.6","25.2","25.2","25.2","25.2","25.2","25.2","25.2","24.05","23.8","23.4","22.95","21.6","20.8","19.15","34.1","31.4","+0.03","-1.7"
="6005","群益證","16.7","+0.6","+2.14","+3.09","+0.3","+6.71","+10.6","-0.6","+30.5","16.85","16.85","16.85","16.9","16.9","17.85","19.6","16.25","16.15","15.95","15.5","14.5","14.5","12.5","8.68","3.1","+0.1","+0.01"
="6026","福邦證","17.9","+0.28","+1.7","+6.23","+4.37","+6.23","+31.1","+10.8","+92.9","18.05","18.05","18.05","18.05","18.05","19.45","21.85","17.55","16.95","15.5","15.5","13.05","13","8.9","1.4","3.13","0","-0.61"
="6104","創惟","186.5","-4.36","-0.53","+0.54","+3.04","+26.9","+29.5","+197","+134","195.5","195.5","196","204.5","204.5","204.5","204.5","182.5","181.5","171","148","112","60.6","48","-2.44","-1.37","-1.14","-0.32"
="6113","亞矽","15.25","-2.87","+17.3","+21","+19.6","+24.5","+35.6","+11.7","+24","16","16","16","16","16","16","17.85","13.5","12.6","11.45","11.45","10.1","10.1","10.1","0.48","0.48","",""
="6118","建達","38.15","+9.94","+16","+40","+37","+95.6","+165","+190","+232","39.75","39.75","39.75","39.75","39.75","39.75","39.75","33.85","27.6","23.25","20","12.5","12.4","10.9","0.58","0.36","+18.9","+10.8"
="6125","廣運","25.9","+1.17","-1.15","-0.38","-3.18","-2.81","-4.07","+15.1","-15.8","26.6","26.95","26.95","29.4","29.8","29.8","31.35","25.55","25.55","25.2","25.2","24.1","21.45","19","1.35","4.29","-0.35","-0.4"
="6126","信音","28.15","-2.09","-2.76","-0.18","+2.36","+5.63","+15.1","+17.8","+13.5","29.1","29.55","29.55","29.9","32.6","32.6","34.95","28.05","28.05","25.95","25.95","23.4","22.15","21.15","5.18","1.22","-0.34","0"
="6134","萬旭","29.45","+0.51","+21.4","+46.9","+73.2","+85.2","+84.6","+74.3","+131","30.9","30.9","30.9","30.9","30.9","30.9","32.1","26.65","18.8","15.75","15.75","14.6","14.6","11.6","-1.23","-0.86","+2.79","+8.64"
="6138","茂達","243.5","-0.41","-7.06","-4.13","+0.41","+37.6","+57.6","+64.5","+177","270.5","270.5","278.5","278.5","278.5","278.5","278.5","238","238","238","178.5","141.5","139","78.2","-0.18","3.13","-1.07","+0.69"
="6143","振曜","58.4","+1.21","+3.36","+6.18","+0.34","+9.16","+17.4","+29.8","+49.9","59.6","59.6","59.6","66.3","66.3","66.3","66.3","57.2","55.3","52.9","52.9","48.35","40.6","37.05","0.97","-0.48","+0.08","+0.08"
="6163","華電網","20.85","+1.21","+1.96","+4.25","+1.71","-7.74","+9.16","+16.8","+35","21.25","21.25","21.25","22.5","23.2","23.2","23.2","20.5","19.9","19.5","19.5","18.3","16.35","14.8","11.7","-1.05","+3.75","+14.1"
="6167","久正","13.1","-1.5","-7.42","+1.95","-7.42","+32.6","+46.2","+55","+84.5","15.3","15.3","15.3","15.3","15.3","15.3","15.3","13.05","12.5","12.35","9.77","8.53","8.28","7.02","-0.27","1.95","",""
="6175","立敦","48.05","+2.34","+2.34","-0.21","+0.31","+11.9","-7.95","+24.2","+55","48.6","49","50.8","50.8","53.5","59.6","59.6","46.4","46.4","43.7","41.8","39.05","37.2","28.75","3.3","-0.14","-0.2","-1.24"
="6180","橘子","61.9","+0.16","+1.48","+1.81","+2.48","+5.63","+7.84","-3.13","-7.75","62.8","62.8","62.8","62.8","62.8","66.4","72.4","61.1","59.5","58.4","58.1","53.8","53.8","53.8","-8.64","-10.7","-0.75","-1.14"
="6182","合晶","84.6","-4.3","+1.56","-0.94","+6.15","+23.9","+26.3","+53.5","+85.1","89.5","89.5","89.5","89.5","89.5","89.5","89.5","82.3","82.3","75.6","66.3","54.5","52.7","37.6","1.42","0.13","-0.31","-1.98"
="6185","幃翔","14.6","+8.96","+8.15","+7.35","+11","+5.8","+14.1","+10.2","+7.35","14.6","14.6","14.6","14.6","14.6","14.6","16.35","13.3","13.25","12.9","12.9","12.75","12.55","11.5","0.4","1.15","+0.1","+0.1"
="6190","萬泰科","39","-3.35","+16.8","+14.7","+24.4","+40.5","+67.4","+57.3","+132","42.2","42.2","42.2","42.2","42.2","42.2","42.2","33.45","33.2","31","26","22.25","21.85","16.55","0.93","0.24","+4.44","+2.85"
="6191","精成科","39.65","-4.69","+3.26","+5.17","+3.39","+6.44","+25.7","+22","+42.6","42.05","42.05","42.05","42.05","42.05","42.05","42.05","38.55","37.75","35.7","35.7","30","30","23.2","-6.55","-6.08","-0.02","+0.15"
="6196","帆宣","160.5","+2.88","+2.56","+5.25","+6.29","+36","+39","+53.6","+37.2","169","169","169","169","169","169","169","153","153","140","123.5","104","101","87","6.48","4.34","-0.41","-2.33"
="6205","詮欣","63.3","+2.76","+2.26","+15.1","+27.7","+49.3","+111","+110","+32.6","67.8","67.8","67.8","67.8","67.8","67.8","67.8","60.3","55.5","48.7","41.55","29.6","28.5","27.15","1.05","0.89","+3.15","+3.23"
="6217","中探針","57.1","0","+7.13","+10.2","+4.2","-4.19","+28.6","+58.4","+63.8","57.5","57.5","57.5","61.3","65.3","65.3","65.3","53","52.1","51.7","51.7","43.2","35.3","28.85","-8.08","-3.79","-8.29","-12.4"
="6226","光鼎","16.25","-0.91","+0.31","+6.91","+7.26","+7.26","+13.2","+79.8","+80","16.9","16.9","16.9","16.9","18.3","20.3","20.3","15.7","15.2","14.2","14.2","11.9","8.6","7.6","0.93","-1.66","+2.9","+0.75"
="6235","華孚","29.5","-0.67","+5.17","+17.3","+41.5","+53.2","+71","+61.2","+59.5","31","31","31","31","31","31","31","28.55","24.5","19.4","18.6","15.8","15.8","15.3","3.16","2.64","+0.86","+3.9"
="6239","力成","97.2","-0.61","+0.41","-0.92","-1.62","-0.72","-12.4","-7.87","-3.28","98","98.2","102","102","112.5","116","117","96.3","96","96","96","93.5","93.5","92","-30.8","-41.6","0","+0.28"
="6243","迅杰","70.7","+9.95","+0.14","-0.42","+27.6","+51.2","+251","+313","+418","72.4","76.7","76.7","76.7","76.7","76.7","76.7","63.8","63.8","51.7","43.2","15.7","15.65","12.65","3.11","1.96","+2.7","+3.83"
="6244","茂迪","35.8","+0.99","+3.32","+7.51","-1.38","+3.77","+25.4","+11.7","+3.47","37.05","37.05","37.1","37.95","37.95","37.95","43.25","34.35","34.05","32.65","31","27.6","27.25","25.95","0","-1.09","",""
="6251","定穎","22.85","+1.33","+2.47","+3.39","+4.82","+5.79","-2.14","+11.5","+19.6","23.8","23.8","23.8","23.8","24.1","25.4","25.4","22.05","22.05","20.1","20.1","18.5","18.5","15.75","7","6.76","+0.02","-0.09"
="6257","矽格","58.7","-2.33","-2.49","-2","-3.29","-2.49","-9.13","+11.2","+25.8","61.4","61.4","61.4","64.5","65.5","72.7","72.7","58.2","58.2","57.2","57.2","53.5","53","43.65","-14.3","-4.47","-0.07","-0.12"
="6265","方土昶","19.25","-2.53","-1.03","+10.6","+14.2","+68.9","+79.9","+113","+184","20.95","20.95","20.95","20.95","20.95","20.95","20.95","19","17","15.1","10.8","9.64","8.83","6.74","0.86","-0.43","-1.26","+1.9"
="6270","倍微","25.5","-1.54","+10.4","+12.1","+11.1","+14.3","+25","+16.7","+32.8","26.05","26.05","26.05","26.05","26.05","26.05","26.2","23.4","22.5","21.8","21.8","19.8","19.65","18.05","-0.16","0.99","+0.06","+0.06"
="6271","同欣電","288.5","-1.54","-1.03","-1.03","-6.33","+4.15","+26.5","+58.5","+40.4","297","298.5","317","323.5","323.5","323.5","323.5","287.5","287","282","269.5","208","178","145","-6.51","-3.16","-0.45","-3.97"
="6275","元山","37.55","+7.13","+12.6","+13.6","+12.9","+18.3","+33.4","+22.7","+57.8","38.45","38.45","38.45","38.45","38.45","38.45","38.45","33.3","33.05","31.8","30.6","26.5","26.5","22.05","6.49","5.21","+0.62","+0.37"
="6278","台表科","118.5","-0.42","-2.07","+2.16","-0.84","+6.76","+11.3","-2.87","-7.42","124.5","124.5","124.5","127.5","127.5","138.5","139","118.5","116","112.5","111","97.1","97.1","91.1","-10.3","-11.4","-0.11","-0.17"
="6279","胡連","134.5","-1.82","+4.26","+2.67","+3.46","+5.08","+15.9","+22.3","+19.6","138.5","138.5","138.5","144.5","144.5","152.5","152.5","130.5","127.5","123","123","105.5","105.5","91.4","6.36","0.41","+0.02","-0.07"
="6282","康舒","34","+0.59","+0.59","+5.1","-1.16","-2.58","+28.3","+26.9","+15.4","34.6","34.6","36.1","39.55","39.55","39.55","39.55","33.4","32.7","32.25","32.25","26.35","25.05","22.5","9.09","9.92","+0.14","+0.4"
="6285","啟碁","74.8","+1.49","+2.61","+2.19","-1.58","-5.32","+8.25","+7.78","-5.91","76.2","76.2","76.2","79.3","80.6","81","84.2","72.8","72.3","72.3","72.3","69.2","66.5","58.8","-10.8","-13.2","-0.06","-0.01"
="6411","晶焱","271","-1.63","-0.37","+1.69","+4.23","+27.2","+61.8","+102","+181","294","294","294","302","302","302","302","271","266.5","246","214.5","162","127","94.8","1.56","3.06","-3.26","-0.74"
="6414","樺漢","239","+0.21","+4.37","+0.42","+5.99","+9.13","+25.5","+9.89","-9.13","245","245","251","251","251","251","284.5","229","227","219.5","211","176","176","176","8.44","0.63","+1.02","+1.18"
="6443","元晶","41.2","+0.86","0","+14.3","+8.28","+2.74","+41.6","+21","+2.87","43.1","43.1","43.1","43.1","43.1","43.1","48.95","40.1","37.6","33.8","33.8","27","26.25","26.25","-5.51","1.13","-7.46","+0.96"
="6446","藥華藥","327.5","+9.9","+22.4","+36.5","+67.9","+230","+256","+258","+226","327.5","327.5","327.5","327.5","327.5","327.5","327.5","279.5","238","187","99.8","69","69","69","-11.2","-12","",""
="6457","紘康","207.5","-1.43","-2.58","+0.48","-10.6","+25.4","+34.3","+30.9","+177","216.5","222.5","235.5","239.5","239.5","239.5","239.5","207.5","207.5","206","163.5","139","139","70.4","-8.61","-3.8","",""
="6485","點序","154","0","-6.67","-6.1","+1.65","+9.61","+6.94","+16.2","+426","169","171","175","176.5","176.5","191","191","152.5","152.5","148","141","100","100","29.3","-4.1","-2.53","-0.2","-1.25"
="6488","環球晶","809","+0.37","-0.37","+0.87","-4.37","+3.85","-9.2","-6.8","+22.9","822","837","846","885","920","972","972","799","799","796","775","708","708","600","-23.2","-17.8","-0.65","-0.7"
="6494","九齊","156.5","-1.26","-2.8","+0.97","+0.97","+2.62","+3.3","+20.4","+231","165.5","170.5","170.5","174","174","182","182","156.5","156","147","147","124","120.5","45.1","-3.98","-4.64","-0.79","-1.11"
="6505","台塑化","97.5","-0.2","+0.52","+0.52","-0.91","-3.94","+1.56","-11","+3.39","98.5","98.5","98.5","103.5","106","117.5","117.5","96.4","96.1","95.2","95.2","92.5","90.3","88.4","-2.99","-8.57","-0.16","-0.16"
="6509","聚和","67.5","+2.43","+2.43","+4.65","-2.03","-1.32","+17.2","+124","+151","69.1","69.1","69.2","76.2","82.9","82.9","82.9","64.8","64.4","63.9","63.9","50.2","30.25","23.45","-2.62","-1.76","+1.14","+3.62"
="6514","芮特-KY","68.7","+6.68","+20.7","+23.1","+21.6","+27.5","+65.1","+50.2","+38.9","70.8","70.8","70.8","70.8","70.8","70.8","70.8","57.6","54.5","53.2","52.8","39.5","39.5","39.5","0.58","2.08","-0.04","-0.02"
="6533","晶心科","524","-2.96","-6.43","-6.6","-7.58","+0.38","+16.3","+16.1","+71.2","569","584","589","635","635","642","644","522","522","515","504","351.5","351.5","246.5","-16.3","-13.3","-0.97","-1.28"
="6548","長科*","97","-1.52","-1.52","-0.51","-3","-3.96","-3","+50.2","+63.6","100.5","100.5","101","108","111.5","115.5","115.5","96.2","95.8","95.2","95.2","87","62","52","-3.04","-7.87","+27.5","+18.9"
="6568","宏觀","352","-4.61","-2.36","+7.32","+2.92","+4.3","+16.4","+159","+145","378","378","378","426.5","426.5","426.5","426.5","351.5","332.5","287.5","287.5","248.5","132","112","3.81","1.43","",""
="6576","逸達","112","+9.8","+11.4","+13.7","+16.2","+44","+38.8","-3.45","+23.8","112","112","112","112","112","115.5","127","99.5","98.3","93.1","77.2","72.3","72.3","72.3","6.34","3.65","",""
="6603","富強鑫","18.35","-3.67","-5.41","-5.66","-5.66","+8.9","+14.3","+48.6","+53.6","19.8","21.2","21.2","21.2","21.2","21.2","21.2","18","18","18","16.2","14.3","12.35","10.95","4.13","-1.02","+0.55","+0.97"
="6706","惠特","219","-0.23","-1.35","+6.57","+6.31","+2.1","+10.9","+24.4","+24.8","235.5","235.5","235.5","235.5","235.5","235.5","235.5","216","206","200","200","157","157","129.5","-3.97","4.05","+1.55","+2.48"
="8021","尖點","41.8","-1.18","-1.3","+0.72","+1.21","+3.59","-0.36","+5.29","+46.9","42.8","42.8","42.8","43.4","46.9","49.5","49.5","41.8","41.7","39","39","35.05","35.05","25.65","28.3","27.9","-0.48","-0.33"
="8040","九暘","75.5","-0.92","-5.39","-1.95","-2.83","+14.2","+30.2","+57.9","+334","79.7","81.6","82.5","87.6","87.6","87.6","87.6","75.5","75.5","68","65.5","49.05","47.45","16.15","-3.1","-1.12","+0.01","-0.51"
="8044","網家","134","0","0","+2.68","-0.74","-11.3","+18.6","+18.6","+52.3","136","136","143.5","153.5","157.5","157.5","157.5","130.5","128","128","128","108","98.7","77.3","1.7","13.2","-1.02","+0.3"
="8046","南電","586","+0.17","+0.86","-0.68","+1.21","+8.12","+39.4","+68.1","+231","601","608","631","631","631","631","631","580","580","572","538","388.5","338","167","5.4","2.47","-1.46","-1.72"
="8054","安國","64.4","-1.23","-7.2","+1.74","-3.45","+20.4","+20.8","+46.5","+189","70.2","70.2","70.2","72","72","73.7","73.7","64.2","64.1","58.9","53","38.6","38.6","19.75","-4.8","-0.45","-0.72","-0.28"
="8064","東捷","21.55","-0.23","+0.47","+3.36","-1.15","+7.75","-8.3","+23.1","+43.7","22.35","22.35","22.35","24","24","24.8","24.8","21.55","20.95","19.85","19.85","17.2","17.15","13.75","9.29","15","-0.04","-0.14"
="8069","元太","131.5","-1.13","+6.91","+11.4","+6.05","+45.5","+70.1","+105","+212","138","138","138","138","138","138","138","122.5","119","114","89.3","64.2","63.2","42","0.32","-0.69","+2.01","+2.31"
="8103","瀚荃","49.5","-1.39","-1.59","+4.54","+3.12","+2.7","+22.7","+13.8","+53","50.9","50.9","50.9","53.7","53.7","53.7","53.7","49.2","47.7","46","46","37.75","37.75","31.3","2.94","6.11","-0.39","-0.44"
="8104","錸寶","69","+5.5","+27.5","+25.9","+38.4","+44.2","+35.3","+42.4","+31.2","71.5","71.5","71.5","71.5","71.5","71.5","71.5","56.3","53.8","47.5","46.4","44.2","44.2","41.4","0.63","0.29","+31.1","+55"
="8111","立碁","28.75","+2.13","+18.8","+32.5","+29.8","+51.3","+62.4","+40.9","+66.7","29.6","29.6","29.6","29.6","29.6","29.6","29.6","24.75","21.75","20.5","19","15.25","15.25","15.25","-1.18","-0.92","+7.65","+7.24"
="8112","至上","47.65","+1.38","+6.12","+7.44","+7.08","+9.29","+8.05","+20.2","+38.5","48","48","48","48","48","48","49.3","46.2","44.5","43.05","43.05","41.35","39.25","33.7","20.6","19.5","+0.33","+0.31"
="8121","越峰","57","+2.7","+1.06","+5.56","+0.18","+18.6","+79.8","+251","+206","57.3","57.9","58.7","58.7","58.7","58.7","58.7","55","54.2","50.2","45.1","30.5","16.45","13.75","11.1","12.7","",""
="8155","博智","134","-0.37","+5.1","+6.77","-4.63","-5.96","+16","+23.5","-7.59","137","137","140","160","160.5","160.5","160.5","127.5","125.5","124.5","124.5","111.5","94.1","85.3","-10.2","-17.6","+0.19","-0.19"
="8163","達方","48.3","-1.43","-1.83","-0.72","+4.77","+11.3","+12.5","+8.66","+5","50.5","50.5","50.5","50.5","50.5","50.5","52.9","48","48","44.3","42.45","38.7","38.7","37.85","6.01","-0.99","-0.38","-0.85"
="8182","加高","58.1","-3.01","+8.19","+2.29","+0.17","+27.7","+18.3","+51.9","+96.9","60.5","60.5","61","64.5","64.5","64.5","64.5","53.7","53.7","53.7","45.5","40.2","38.05","26.05","-1.26","-1.42","+5.95","+4.21"
="8183","精星","66.9","-0.89","-7.34","-3.6","+5.35","+45.4","+58.2","+57.6","+244","71.5","72.3","73","73","73","73","73","66.9","66.9","58.7","45.05","34.15","34.15","18","-0.97","0.81","-1.03","-1.67"
="8201","無敵","17.55","+0.57","+2.63","+3.85","+1.15","-1.68","-1.4","+78.4","+77.3","19","19","19","19.25","19.3","19.3","19.3","17.1","16.9","15.95","15.95","13.65","9.51","8.74","0.01","0.36","-1.2","-2.21"
="8215","明基材","38.6","+4.18","+3.76","+2.25","-0.39","+2.39","+6.48","+49.3","+38.8","39","39.05","42.4","42.4","42.4","43.5","43.5","37.05","37.05","35","35","30.1","24.5","21.15","12.8","3.47","-0.21","-0.21"
="8289","泰藝","38.9","-3.95","+0.26","-2.63","-5.01","+29.7","+21.4","+113","+234","41.25","41.7","46.2","46.2","46.2","46.2","46.2","38.35","38.35","35.85","29.85","26.2","17.75","11.4","-4.44","-4.88","0","-1.04"
="8358","金居","75.2","-1.31","-1.05","-0.4","-4.45","-2.34","+4.16","-8.85","+68.2","78.5","78.5","79.7","87.8","87.8","92.9","92.9","75.2","75.2","74.2","74.2","62.4","62.4","41.6","-14.1","-15.8","+2.91","+2.85"
="8450","霹靂","36.15","-0.82","+1.12","+6.17","0","+57.5","+55.5","+48.2","+50.3","38.45","38.45","40.75","40.75","40.75","40.75","40.75","33.05","32","32","22.75","22.3","22.3","20.8","0.62","0.62","-0.44","+1.15"
="8478","東哥遊艇","139.5","+1.45","+22.4","+29.8","+18.7","+63.3","+69.5","+146","+120","149","149","149","149","149","149","149","117","107.5","105","85.4","75.8","55.3","39.25","4.12","5.24","+0.67","+1.94"
="9904","寶成","34","+0.15","+3.03","+4.62","+0.15","-2.58","+4.62","-8.97","+8.45","34.25","34.25","34.25","35.3","35.8","40.5","40.5","32.8","32.4","32.05","32.05","31.8","31.55","27.85","3.5","-8.56","-0.05","-0.05"
="9910","豐泰","229.5","+2.46","+11.7","+13.6","+9.81","+0.66","+6.5","-3.16","+21.1","231","231","231","231","231","254.5","254.5","204","201","200.5","200.5","193.5","193.5","178","37.8","26.8","+2.11","+2.97"
="9933","中鼎","35.95","-0.14","-0.14","+0.28","-1.24","-0.28","+1.99","-5.52","-5.64","36.2","36.2","36.4","37.6","37.6","39.8","41.55","35.8","35.8","35.6","35.6","35.05","35.05","34.9","-30.9","-32.6","0","0"
