"代號","名稱","成交","漲跌幅","2日累計漲跌(%)","3日累計漲跌(%)","5日累計漲跌(%)","10日累計漲跌(%)","一個月累計漲跌(%)","三個月累計漲跌(%)","半年累計漲跌(%)","一年累計漲跌(%)","一個月最低股價","三個月最低股價","半年最低股價","一年最低股價","一年最高股價","三大法人3日累計買賣超佔成交(%)","三大法人5日累計買賣超佔成交(%)","券資比3日增減","券資比5日增減"
="0050","元大台灣50","141.8","+1.07","+2.75","+2.64","+0.96","-0.46","+4.07","+1.36","+3.05","+22.9","136.15","130.9","130.2","115","143.55","-4.18","-35.2","-4","-3.43"
="0052","富邦科技","131.25","+1.12","+2.78","+2.94","+1.39","+0.11","+5.34","+3.47","+5.42","+27.2","124.4","117.2","117","102.6","137.5","6.25","-17.3","+0.01","-0.04"
="0055","元大MSCI金融","23.76","-0.25","+0.89","+0.68","-1.57","-3.06","-0.59","+1.54","+11.1","+34.3","23.45","23.01","20.68","17.25","25.4","-49.6","-65.9","-0.05","-0.06"
="0056","元大高股息","32.47","-0.09","+0.53","+0.78","-0.55","-1.55","+2.98","-2.08","-7.1","+10.3","31.55","30.59","30.59","29.35","36.17","13.7","-0.73","-2.07","-0.01"
="006208","富邦台50","79.9","+1.14","+2.57","+2.7","+0.82","-0.37","+1.91","-0.37","+1.01","+23.3","77.6","75.45","74.8","64.55","82.35","-27.6","-57.4","-1.02","-1.69"
"00631L","元大台灣50正2","137.25","+1.37","+4.21","+4.69","+0.66","-1.86","+8.11","+4.73","+9.89","+71","127.45","114.4","114.4","79.55","141.3","9.5","-4.46","+3.59","-3.26"
"00632R","元大台灣50反1","5.31","-0.56","-2.03","-2.21","-0.19","+0.95","-3.98","-3.63","-7.01","-28.6","5.23","5.23","5.23","5.23","7.48","-27.3","-9.02","-0.01","+0.02"
="00636","國泰中國A50","24.62","+0.53","+0.61","+0.29","-1.24","-0.44","-0.08","+3.71","-13.8","-8.65","24.08","23.2","22.97","22.97","32.35","-13.3","-9.96","0","0"
"00638R","元大滬深300反1","8.27","-0.6","-0.72","-0.72","+0.85","-0.24","-0.48","-3.73","+11.9","-0.12","8.13","7.89","7.31","6.7","8.92","8.59","11.1","+0.11","+0.31"
"00640L","富邦日本正2","28.13","-1.12","-1.19","-1.54","-9.29","-10.5","-9.81","-4.16","-2.9","+18","27.86","27.86","26.53","23.29","33.53","-59.6","-61.2","-1.3","-5.29"
"00642U","期元大S&P石油","11.7","-2.82","-4.88","-6.62","-15.4","-14.2","-19.8","-0.76","-0.51","+47.5","11.61","11.61","10.86","7.99","14.75","-66.1","-61.7","+20.8","+9.44"
="00646","元大S&P500","38.78","-1.35","-1.87","-2.07","-3.65","-3.22","-1.32","+0.94","+8.69","+21.8","38.61","36.68","35.46","31.37","40.34","-67.2","-63.4","-0.05","-0.03"
"00648R","元大S&P500反1","6.68","+1.52","+1.83","+1.67","+3.73","+3.41","+1.06","-1.47","-8.87","-22.6","6.42","6.42","6.42","6.42","8.64","32","20.2","+0.04","-0.03"
"00651R","FH香港反1","7.93","+0.38","-1.49","+0.25","+2.99","+5.73","+5.59","+7.45","+17.7","+2.85","7.36","7.23","6.65","6.49","8.28","16.7","25.8","+0.99","+1.15"
"00653L","富邦印度正2","44.47","+0.95","+0.38","+2.54","-2.22","-6.06","-7.53","-0.34","+16.7","+52.5","42.29","42.29","37.16","29.13","52.1","-34.6","-46.5","+3.55","+3"
"00654R","富邦印度反1","8.33","-1.07","-0.48","-2.12","+0.6","+2.71","+2.97","-1.07","-9.75","-25","7.9","7.78","7.78","7.78","11.07","-21.4","1.54","-0.01","-0.06"
="00662","富邦NASDAQ","57.15","-2.14","-2.39","-1.8","-2.81","-2.31","+0.7","+2.51","+17.4","+25.3","56.85","52","47.97","44.28","59.55","-58.3","-57.9","0","0"
"00664R","國泰臺灣加權反1","6.01","-0.5","-1.96","-2.28","-0.17","+0.84","-3.99","-3.53","-7.11","-28.9","5.93","5.93","5.93","5.93","8.48","-31.6","-16.4","-0.1","+0.42"
"00669R","國泰美國道瓊反1","7.96","+1.27","+1.66","+2.05","+4.46","+4.46","+3.65","+1.79","-0.87","-16.8","7.55","7.55","7.55","7.55","9.53","70","55.4","+0.18","+0.28"
"00670L","富邦NASDAQ正2","121.2","-4.9","-4.53","-3.08","-5.35","-4.87","+1.13","+3.95","+34.1","+57.9","120.6","99.75","87.6","74.45","131.65","-67.6","-65","-3.77","-4.88"
"00671R","富邦NASDAQ反1","5","+2.46","+1.83","+1.21","+2.25","+1.63","-1.57","-3.29","-15.7","-25.5","4.82","4.82","4.82","4.82","6.77","53.7","15.4","+0.15","+0.31"
"00675L","富邦臺灣加權正2","53.5","+1.13","+3.98","+4.49","+0.28","-2.01","+7.93","+5.31","+10.8","+73.2","49.71","44.4","44.4","30.64","55.05","13.1","-13.9","+0.89","-4.3"
"00676R","富邦臺灣加權反1","3.29","-0.3","-1.79","-2.08","0","+1.23","-3.8","-3.52","-6.53","-28.3","3.24","3.24","3.24","3.24","4.6","-8.58","-13.1","-1.03","-0.01"
"00679B","元大美債20年","42.53","+0.78","+1.12","+1.31","+3.43","+3.43","+2.63","+1.62","+8.97","-7.22","40.77","40.27","38.94","38.56","46","27.8","35.1","0","0"
"00683L","期元大美元指正2","18.54","+0.22","+0.16","-0.38","-1.28","+0.38","+4.39","+6.98","+12.7","+9.7","17.72","17.16","16.35","16.19","18.84","19.6","28","0","-0.1"
="00692","富邦公司治理","35.08","+0.86","+2.15","+2.45","+0.57","-0.65","-0.93","-1.93","-0.88","+21.9","34.07","33.82","33.51","28.7","36.78","-7.31","-53","0","0"
"00708L","期元大S&P黃金正2","25.32","-0.24","-1.36","-1.9","-1.71","-9.38","-2.13","-4.56","-14.7","-9.31","25.19","24.09","24.09","23.4","32.22","-29.4","-31.3","-0.97","-1.04"
"00710B","FH彭博高收益債","17.84","-0.28","-0.56","-0.45","-0.89","-1.38","-1.33","-2.3","-2.67","-4.7","17.82","17.82","17.82","17.82","18.76","-41.2","-37","0","0"
="00712","FH富時不動產","13.4","-2.97","-4.42","-4.69","-5.83","-5.83","-7.27","-6.62","-8.03","+8.5","13.39","13.39","13.39","12.29","15.21","-73.6","-73.6","+3.63","+3.31"
="00713","元大台灣高息低波","41.92","-0.14","+0.84","+0.77","-0.99","-2.74","-5.24","-4.77","-3.01","+23.5","41.22","41.22","41.22","33.81","46.35","-53.2","-36.1","0","0"
="00717","富邦美國特別股","16.46","0","-0.42","-0.48","-0.78","-1.5","-2.2","-2.66","-1.56","-2.14","16.44","16.44","16.44","16.3","17.32","-6.11","-17.8","0","0"
"00718B","富邦中國政策債","19.89","0","+0.1","+0.05","+0.3","+0.25","+1.02","+2","+0.81","+1.27","19.71","19.26","19.26","19.2","19.9","2.94","4.15","",""
="00731","FH富時高息低波","57.6","-0.35","+0.35","+0.7","-1.2","-2.46","-4.95","-3.11","-0.86","+21.8","56.7","56.7","56.3","47","64.8","-8.58","-13","0","0"
"00734B","台新JPM新興債","19.2","+0.31","+0.58","+0.26","+0.21","-0.72","-0.67","-3.08","+0.05","-9.35","19.01","19.01","19.01","19.01","21.22","-0.26","-0.04","",""
"00738U","期元大道瓊白銀","22.78","-2.11","-2.36","-4.25","-5.4","-11","-7.1","-7.77","-21.6","-8.51","22.73","22.01","22.01","22.01","30.22","-66.7","-53.8","-0.99","-0.85"
"00756B","群益15年EM主權債","43.13","+0.63","+0.79","+1.53","+0.87","-0.46","-1.62","-3.14","+0.26","-11.3","42.4","42.4","42.4","42.1","48.59","98.7","97.2","",""
="00757","統一FANG+","51.7","-2.91","-2.82","-2.27","-3.54","-4.88","-4.7","+2.07","+13.2","+24.9","51.6","46.9","44.89","40.82","55.2","-75.2","-66.6","-0.23","-0.2"
="00762","元大全球AI","44.31","-3.17","-3.74","-2.72","-3.78","-4.59","+0.43","+2.52","+16.1","+28.1","44.01","40.12","37.79","34","46.8","-41.3","-33.1","0","0"
"00768B","FH20年美債","71.85","+0.98","+1.27","+1.48","+3.53","+3.38","+3.38","+2.72","+10.6","-5.52","68.5","67.3","64.75","64.3","76.05","97.5","96.1","",""
"00772B","中信高評級公司債","44.09","+0.25","+0.2","+0.66","+1.57","+0.87","-0.11","-1.43","+3.5","-8.98","43.3","43.3","42.48","42","49","1.45","3.13","0","0"
="00830","國泰費城半導體","33.75","-1.43","-1.55","+0.51","-1.26","-0.76","+9.58","+13.2","+21.1","+37.2","31.24","28.11","27.28","24.36","34.68","-51","-48.8","-1.76","-0.57"
="00850","元大臺灣ESG永續","34.94","+0.6","+2.1","+2.19","+0.17","-0.88","+1.22","-0.6","+1.84","+26.1","34","33.28","33.08","27.59","36.32","5.82","-45.7","0","0"
"00852L","國泰美國道瓊正2","20.46","-2.25","-3.45","-4.12","-8.9","-8.82","-8.13","-5.32","-1.78","+30.7","20.31","19.69","19.05","15.56","22.9","-69","-62","-1.91","-0.38"
="00861","元大全球未來通訊","30.48","-0.55","-0.33","+0.4","-1.04","-0.52","+4.24","+1.7","+6.61","+17.5","29.45","27.92","27.92","25.68","30.84","27.7","32.5","0","0"
="00875","國泰網路資安","30.03","-3.1","-3.41","-4.15","-5.8","-8.75","-8.78","-9.27","-2.97","+10.8","29.95","29.95","29.95","27.1","33.89","-68.3","-67","0","0"
="00876","元大未來關鍵科技","32.36","-0.49","-0.03","+1.28","-0.74","-1.43","+7.69","+8.99","+12.4","+26","30.32","27.93","27.93","25.13","33.24","-4.27","1.45","-0.16","+0.86"
="00877","FH中國5G","13.42","+0.15","+0.3","+0.98","-1.83","+1.51","+5.67","+9.11","+8.49","-5.23","12.7","11.81","11.81","10.93","14.85","72.5","58.1","+0.12","-0.07"
="00878","國泰永續高股息","18.55","0","+0.71","+0.82","-0.91","-1.17","+1.15","+2.77","+0.71","+19.4","18.25","17.77","17.35","15.54","19.28","-39.5","-57.1","0","-0.02"
"01010T","京城樂富R1","10.29","0","0","-0.1","0","+0.88","-3.02","-4.72","-5.6","-2.74","10.14","10.14","10.14","10.14","11.48","","","",""
="020020","元大台股領航N","7.49","+0.67","+2.88","+3.03","+0.94","-0.79","+5.94","+2.46","+3.74","+35.9","7.09","6.82","6.82","5.47","7.73","53.4","52.4","",""
="1101","台泥","46.3","-0.64","+0.65","-0.43","-1.8","-4.14","-3.84","-3.34","-11.5","+7.18","45.95","45.95","45.65","40.15","58.7","-19.9","-22.6","-0.41","-0.87"
"1101B","台泥乙特","52.3","0","0","0","0","+0.19","0","+1.75","-2.43","-2.43","51.7","51.2","51.2","51.2","54","-99.7","-99.5","",""
="1102","亞泥","42.4","+0.12","+0.95","-0.12","+0.12","-5.15","-4.72","-5.46","-18.1","-1.97","42","42","42","40","54.3","-6.83","-9.07","-2.67","-2.87"
="1103","嘉泥","20.35","-1.21","-1.93","+0.25","-2.16","-5.57","+1.24","-9.15","-11.5","+11.2","20","19.9","19.9","16.4","28.15","-5.51","-16.6","-0.04","-0.08"
="1110","東泥","19.65","-0.76","0","-1.01","-2.48","-8.6","+5.08","+8.86","+23.6","+12.3","18.25","17.65","15.15","14.4","23.6","-14","-12.5","-0.2","+0.13"
="1201","味全","22.1","-0.45","-0.9","-0.23","-0.9","0","-2.64","+4","+0.23","+3.27","21.8","20.4","20.2","19.9","25.5","-2.24","10.2","-0.03","-0.13"
="1210","大成","52","-0.38","0","-0.38","-1.52","-2.44","-1.89","-6.47","-11","+12.2","51.8","51.8","51.8","45.55","62.9","-48.3","-27.8","+0.09","-8.66"
="1215","卜蜂","80.1","-0.12","-0.99","+0.12","-0.87","-1.11","0","-0.37","-0.37","+13","79.1","78.1","76.4","70","86.8","-8.65","-19","0","+0.01"
="1216","統一","67.7","+0.89","+3.52","+0.59","-0.59","-1.17","+0.45","-5.45","-8.64","+3.68","65.4","65.4","65.4","64.2","76.9","-19.8","-20.4","+0.39","+1.02"
="1217","愛之味","10.25","-0.49","-0.49","0","-2.38","-3.76","+0.99","-3.76","-19.6","+24.2","10.1","9.96","9.96","8.01","14.6","-3.02","-14.4","0","-0.14"
="1227","佳格","51.1","-0.2","+0.2","-0.39","-0.97","-1.73","-1.73","-1.92","-5.72","-16.8","51","50.7","50.7","50.7","61.8","-25.7","-15.9","+0.38","+0.43"
="1229","聯華","57.2","-0.52","-0.52","+1.96","+0.35","-1.21","-3.21","+9.16","+17.9","+38.5","55.8","52.2","47.4","40","63.3","12.1","1.41","+0.09","+0.29"
="1236","宏亞","21.05","-1.86","-3.22","+5.78","+3.95","-1.17","+49.8","+47.2","+35.8","+48.2","13.9","13.5","13.5","13","25.7","0.37","0.37","-2.2","-3.7"
="1301","台塑","103.5","-0.48","+0.98","+0.49","-1.43","-3.27","-2.82","+4.76","-2.36","+18","101.5","98.5","95.6","86.6","121","-12.4","-24.9","+0.15","+0.31"
="1303","南亞","83.8","+0.36","+1.58","+1.33","-2.9","-2.56","-1.41","-4.23","-3.57","+27.7","82","82","80.3","65.6","93.1","-13.9","-34.9","-1.57","-0.71"
="1305","華夏","33.75","-1.32","-0.44","-1.17","-5.59","-3.71","-7.02","-3.85","-9.03","+49.7","33.2","33.2","33.2","22.2","47.95","-10.8","-14.3","-0.08","+0.07"
="1308","亞聚","37.3","-0.8","+2.19","+2.33","-1.32","-0.8","-2.74","+6.27","+10.4","+94.3","35.8","35","30.5","18.5","52.6","18.7","6.84","+0.08","+0.03"
="1312","國喬","28.4","-1.05","-1.22","-1.05","-4.54","-1.05","+5.38","-3.57","-0.35","+25.1","26.9","26.3","26.3","20.4","36.15","-22.6","-19","-0.44","+0.04"
="1314","中石化","12.55","-1.57","-1.18","-2.33","-6.34","-4.56","+3.29","+0.8","-12.5","+33.7","12.2","11.9","11.9","9","17.3","-23.6","-9.83","+2.61","+2.96"
="1316","上曜","20.8","-6.09","-5.02","+0.73","-6.73","+2.97","+41","+63.1","+83.3","+68.4","14.7","12.45","11.05","10.05","23.35","3.33","2.51","+0.43","+1.42"
="1319","東陽","33","-0.45","+0.92","0","-0.15","-1.49","-2.51","-3.65","-2.8","-14.8","32.35","32.35","32.35","30.65","40.6","-13.2","-15","+0.29","+1.08"
="1326","台化","79.7","+0.38","+2.05","+0.5","-0.5","-1.73","-0.75","-2.69","-9.94","+1.01","78.1","78.1","78.1","77.3","95.5","-29.5","-41.6","-0.25","-0.06"
="1402","遠東新","28.3","0","+1.43","+0.53","-0.88","-4.07","-3.9","-4.39","-12.8","+3.28","27.75","27.75","27.75","26","35.55","-18.2","-25.9","-0.47","-3.14"
="1409","新纖","19.6","-0.25","+1.03","+0.77","-2","-2.49","+4.53","+0.77","-15.9","+56.8","18.75","18.35","18.35","12.1","26.4","-1.19","1.85","+0.01","+0.05"
="1414","東和","17.6","-5.88","-9.28","-0.28","-3.3","+3.23","+0.28","+21","-9.74","+24.4","16.4","14.35","12.95","11.2","25","-3.39","-2.89","-0.08","-0.3"
="1434","福懋","28.9","-0.34","0","0","-1.03","-2.2","-4.3","-6.62","-8.54","-6.62","28.75","28.75","28.75","28.75","34.5","-60.6","-54.8","+0.45","+0.54"
="1438","三地開發","29.95","-0.66","-3.39","-6.11","-11.1","-11.7","-9.38","-5.52","-4.62","+140","29.55","28.65","27.55","11.1","38.75","5.45","3.57","-11.1","-7.15"
="1442","名軒","23.45","-1.05","-1.68","-0.42","-3.89","-5.44","-6.76","+18.7","+36.7","+28.1","23","19.1","16.8","15.85","27.45","-9.96","-6.04","-1.04","-1.78"
="1445","大宇","15.6","-0.32","-1.27","0","-0.64","+5.41","+6.12","+33.3","+24.8","+45.8","14.35","11.65","11.65","10.3","15.85","10.6","5.12","+1.73","+1.86"
="1463","強盛","14.9","-1","+2.41","+1.71","+2.05","+4.2","+8.36","+4.56","-6.58","+22.6","13.7","13.25","12.85","12","19.15","2.93","-0.08","0","0"
="1476","儒鴻","581","-0.68","0","-1.36","-4.44","-9.22","-4.28","+4.5","-10.5","+47.8","574","551","503","386","683","-37.2","-40.6","+0.92","+0.74"
="1477","聚陽","239","+2.36","+2.58","+2.58","0","+0.63","+3.46","+1.7","-12.9","+28.5","222","204.5","204.5","183.5","291.5","-5.68","-29.7","-0.01","+0.14"
="1504","東元","30.3","+0.33","-1.78","-0.16","-1.46","-3.81","-0.82","-1.78","-9.01","+3.95","30.05","29.85","28.5","26.8","36.6","-23.3","-30","-0.02","-0.02"
="1506","正道","12.8","-1.92","+7.11","+13.3","+10.3","+16.4","+20.8","+33.9","+29.3","+12.8","10.25","9.41","9.33","8.99","13.1","0.87","0.15","0","0"
="1517","利奇","26.6","-2.56","-3.62","0","-3.27","-8.12","+7.91","-8.28","-0.56","+85.4","24.6","23.4","23.35","12.3","35.5","-9.23","-2.2","0","+0.39"
="1528","恩德","10.8","-2.7","0","+1.41","-4","-6.09","-2.26","+2.37","+9.64","+27.1","10.35","10","9.71","8.42","13","-1.02","1.49","0","0"
="1529","樂士","19.6","+2.08","+5.95","+7.99","+13.6","+10.4","+17.4","+18.4","+16.3","+14","16","15.55","15.1","14.85","19.95","7.88","2.21","+0.21","+0.33"
="1560","中砂","88.7","+0.23","+0.68","+2.78","-0.34","-0.11","+12.3","+20","+36.5","+42.8","77.8","65.4","62.2","57.6","94.3","-4.19","3.76","-0.27","-0.18"
="1570","力肯","24.15","-1.02","+4.09","+2.55","+2.33","+20.1","+20.4","+40.8","+48.2","+85.1","19.4","16.35","15.5","12.75","25.95","-4.86","-3.04","+0.34","+5.13"
="1605","華新","26.05","-1.14","-0.19","-0.38","-9.08","-5.1","-2.07","-0.38","-2.25","+37.1","25.65","23.1","23.1","16.3","32.35","-23.2","-36","-0.19","-0.49"
="1611","中電","16.55","+9.97","+17.4","+25.9","+17","+4.42","+18.6","+58.4","+41.5","+38.5","12.7","9.95","9.95","9.48","16.55","-1.68","-0.08","+5.26","+4.65"
="1612","宏泰","24.95","-0.99","-1.38","-0.6","-1.19","-5.67","-4.22","+5.27","-7.08","+39.4","24.3","22.55","21.05","14.9","34.2","-11.5","-17.1","0","-0.1"
="1616","億泰","11.65","+9.91","+20.7","+20.9","+10.4","+31.6","+41.2","+35.2","+16.6","+85.2","8.18","7.61","7.61","5.12","13.35","0.54","-0.47","0","0"
="1708","東鹼","35.55","+0.42","+0.71","+2.89","+3.64","+8.55","+18.3","+20.5","+25.4","+57.3","30","28.35","27.25","21.5","43.85","5.89","10.6","+0.72","+1.34"
="1709","和益","22.6","-3.83","-3.21","-4.64","-6.42","-6.8","+11.3","+18.3","+15.6","+53.2","20.25","18.65","18.65","13.85","25.45","-16.8","1.5","-1.3","+0.02"
="1710","東聯","22.1","-3.07","-2.64","+0.45","-2.86","-5.56","-4.95","+4.99","-2.86","+25.9","21.7","20.3","19.9","17","27.85","-2.66","-2.38","+0.1","+0.03"
="1711","永光","25.95","-1.89","+1.17","-1.14","-5.64","-5.81","+3.18","+39.1","+31.4","+54.5","25.05","18.6","17.5","15.1","32.45","-7.05","-4.36","-0.67","-2.07"
="1712","興農","27.8","-2.63","-2.46","-0.71","-2.8","+5.1","+14.4","+22.2","+26.1","+35","24.15","22.55","21.9","20.25","28.95","17.1","10.5","-0.5","-0.05"
="1714","和桐","11.6","+3.11","+3.57","+4.98","0","+3.11","+12.6","+13.7","-4.92","+14.3","10.25","9.95","9.95","8.96","13.5","49.4","21.9","+0.31","+0.23"
="1717","長興","36.15","-0.28","+0.28","+0.14","-1.77","-2.69","-0.55","-0.96","-13.6","+4.33","35.85","35.1","34.8","32.7","47.1","-24.1","-27.2","-0.02","-0.08"
="1718","中纖","9.99","-1.09","-1.58","-0.6","-3.48","-2.54","-0.6","-0.1","-15.7","+7.65","9.9","9.9","9.51","8.21","14.15","-12.5","-17.8","+0.01","+0.03"
="1721","三晃","29.1","-4.43","+5.05","+15.5","+16.9","+25.4","+84.2","+218","+187","+172","15.2","8.99","8.95","8.95","33.45","0.8","0.91","+2.87","+7.91"
="1722","台肥","67.8","-1.17","-0.73","-1.02","-3.56","-1.74","+0.59","+21.1","+18.3","+27.7","66.8","55.1","55.1","49.95","73.2","-21.3","-9.74","+0.37","+0.12"
="1723","中碳","113","-0.88","-1.74","0","-2.16","-1.74","-7","+5.12","+2.26","+11.9","111","104","101.5","99.9","130.5","-6.43","4.28","+0.14","+0.34"
="1725","元禎","35.85","-5.16","-2.18","-2.05","-4.53","-1.24","+39.5","+55.2","+78.4","+140","25.5","21.3","19.25","14.6","44.4","-6.89","-0.83","-2.89","-5.5"
="1727","中華化","52","-2.62","+1.96","+5.48","-0.95","+0.78","+22.1","+149","+264","+366","42.1","20.3","13.85","10.35","61.6","-1.39","-0.79","+7.03","+7.86"
="1762","中化生","65.9","+0.92","+3.29","+3.94","+4.27","+4.44","+1.07","-17.6","+0.61","+5.27","56.8","56.8","56.8","52.5","86.8","6.9","-11.1","+0.02","-0.07"
="1783","和康生","58","-4.29","-1.53","+1.05","0","+2.47","+14.2","-4.45","+57.4","+149","50.3","49.95","33.75","22.2","79.7","-10.7","-13.5","0","-0.25"
="1785","光洋科","49.75","-2.07","+1.43","+2.58","-1.68","-5.95","-5.78","+2.37","+6.3","+5.85","47.75","46","44.05","39.1","62.4","-13.2","-9.99","-0.08","-0.94"
="1810","和成","16","-2.14","+0.31","+2.56","0","-4.48","+15.1","+39.7","+33.9","+65.6","13.8","11.25","10.2","8.9","17.45","-14","-1.69","+0.05","-0.24"
="1815","富喬","16.5","-2.94","-1.79","+0.3","-2.94","-4.62","-3.51","-8.08","-6.25","+27.9","15.9","15.1","15.1","12.45","22.8","17","-7.75","+0.65","+0.39"
="1903","士紙","65.9","+0.15","-2.95","-4.63","-8.22","-8.98","-5.18","-0.15","+14.4","+11.7","65.5","64.2","54","46.3","78.8","-24.7","-24","-0.63","-1.12"
="1906","寶隆","19.9","-1","0","-1","-1.97","-2.21","-2.45","-7.66","-5.24","+28","19.5","19.25","19.25","14.9","25.1","4.97","-3.37","+0.01","0"
="1909","榮成","24.55","+1.87","+1.66","+3.59","-2.39","-3.16","-4.66","-10.4","-6.65","+27.9","23.35","22.85","22.85","18.45","33.6","21.9","6.82","-0.04","-0.15"
="2002","中鋼","33.9","+2.42","+4.15","+3.04","+0.3","+2.88","+2.11","-8.38","-12.6","+45.5","32.3","32.25","32.25","22.95","46.75","14.5","7.05","+0.05","-0.03"
="2020","美亞","31.95","+0.16","+1.75","+2.4","-0.16","+4.41","+5.79","-3.33","-10.4","+78.5","30.2","27.45","27.45","17.8","44.25","48.7","28.5","-0.1","-0.11"
="2027","大成鋼","46.3","+0.22","+0.54","+0.22","-2.83","+3.93","+14.9","-4.73","-5.12","+66.5","40.4","40.1","40.1","24.8","63.7","1.73","-1.25","+0.08","+0.03"
="2069","運錩","35.1","-1.68","-1.27","-1.82","-9.65","-5.77","+15.3","-9.18","+36.3","+111","30.35","30.1","23.85","15","48.8","-15.6","-2.37","-3.04","-4.66"
="2101","南港","38.5","-0.26","-0.26","-0.77","-2.28","-6.1","-2.53","-0.26","0","-11","38","37.15","36.6","34.55","45.7","-30.7","-28.8","+0.02","0"
="2102","泰豐","27.4","+3.4","+4.78","+4.98","+5.38","+2.62","+1.29","-2.14","-1.97","+31.1","25.6","25.6","25.6","16.5","35.35","32.5","25","+1.14","+1.17"
="2103","台橡","32.7","0","-0.15","+1.87","-1.21","+0.31","+4.31","+9","-5.49","+44.1","31.2","29","29","19.5","40.4","-8.31","-8.7","-0.06","-0.06"
="2104","國際中橡","25.4","-1.17","-0.78","-1.17","-4.87","-3.61","+5.39","+10.4","-4.51","+8.78","24.15","22.3","22.15","22.1","32.9","-14","-5.05","-0.48","-0.06"
="2201","裕隆","41.3","-0.6","+0.73","+0.49","-2.59","-4.18","-0.48","+9.11","+2.99","+7.13","40.5","36.6","36.05","35.7","53.1","-36.9","-35","-0.05","-0.61"
="2204","中華","65","-0.46","-1.07","+0.62","-1.07","-2.11","-5.8","-5.39","-10.1","+35","64","64","62","46","77.5","24.7","15.6","-0.16","-1.03"
="2221","大甲","41.3","-4.4","-1.2","+0.98","-2.82","-5.28","+22.4","-0.96","+70","+66.9","33.6","32.25","24","22.5","49.5","1","9.52","-0.07","-0.39"
="2243","宏旭-KY","18.25","-5.93","-6.65","+2.53","-5.93","+0.27","+0.83","+35.7","+81.6","+42.6","17.1","12.5","9.7","9","24.95","-4.73","-3.68","+2.86","+5.61"
="2301","光寶科","60.5","0","+0.33","-0.17","-0.66","-1.94","-0.82","-0.17","-7.77","+22.6","59.7","58.5","56.1","48","67.9","-9.46","-14.9","+0.04","-0.11"
="2303","聯電","66.7","-0.45","+4.71","+6.89","+5.87","+5.71","+13.1","+4.22","+21.3","+60.9","58.5","56.4","50.2","41.7","72","9.49","6.42","+0.71","+0.72"
="2305","全友","8.81","+0.34","+4.63","+5.51","+3.16","+5.13","+7.97","+10.5","-5.47","+8.77","8.06","7.41","7.41","7.39","12.1","11.1","7.59","0","-0.23"
="2308","台達電","261.5","+1.36","+2.15","+3.16","+0.97","+0.58","+3.77","-2.61","-12","+12.7","246","234.5","234.5","229","335","7.46","2.61","+1.13","+1.36"
="2313","華通","40.55","-1.58","-2.52","-1.22","-3.45","-7.42","+0.37","+1.25","+4.24","-14.5","39.8","34.85","34.85","31.7","48.35","-4.75","-0.21","-0.16","-0.25"
="2314","台揚","77","-4.23","-4.82","-5.52","-8.66","-10.5","+4.48","+32.5","+89","+146","72.5","56.8","39.8","27","96.5","-9.75","-2.18","+0.82","+0.6"
="2317","鴻海","105","-0.47","+1.45","+1.45","0","-1.87","-2.33","-5.83","-5.41","+27","102.5","101","101","81.9","134.5","-12.9","-23.2","+0.1","-0.07"
="2323","中環","8.94","-0.33","+3.47","+3.35","-0.67","-1.43","+1.36","-10.6","-14","+4.2","8.56","8.02","8.02","7.99","12.5","6.5","-6.33","+0.19","+0.16"
="2324","仁寶","23.35","-0.43","+0.86","0","-1.06","-1.06","-3.51","+3.55","-0.21","+20.7","23.15","22.55","21.25","19.3","27.95","-24.2","-26.7","-0.15","-0.05"
="2327","國巨","465","0","+1.86","+1.2","0","+1.97","+13.4","-3.02","-5.97","+3.33","412.5","397.5","397.5","393.5","644","3.93","9.62","+0.82","+1.27"
="2328","廣宇","37.85","-1.82","-1.82","-0.79","-2.45","-5.85","-8.9","-2.32","-4.18","+79.8","36.85","36.2","35.9","20.4","50.3","1.72","-3.62","-0.05","-0.15"
="2329","華泰","25.55","-0.58","+2.2","+7.35","+3.65","+0.79","+3.86","-8.42","+37.7","+70.3","22.8","22.25","18.2","13.5","33.3","6.64","1.99","+0.82","+0.19"
="2330","台積電","615","+2.5","+3.19","+3.71","+1.99","+0.33","+3.89","+1.32","+3.19","+23.2","585","560","551","495","679","15.5","4.71","+0.35","-0.06"
="2337","旺宏","42.55","-1.05","+0.35","+1.07","-0.35","-0.58","+7.86","+4.03","-1.62","+2.16","39.15","34","34","34","50","6.81","10","-0.64","-0.34"
="2338","光罩","99.6","-2.83","-1.39","+2.15","+2.05","-2.83","+13.7","+12.9","+18.3","+167","86.8","69.3","69.3","36.5","114","-0.29","-0.54","+0.31","-2.76"
="2340","光磊","58.9","-0.67","+0.86","+1.38","-1.51","+15.7","+28","+68","+120","+127","41.65","29.3","24.85","21.85","66.2","-4.14","-1.23","+1.15","-0.43"
="2342","茂矽","48.4","-2.22","-2.81","+1.26","-0.82","-1.22","+8.52","-0.51","+47.3","+38.7","43.15","39","31","26.3","55.6","-0.4","4.35","+0.02","+0.27"
="2344","華邦電","31.75","-2.01","-0.94","+2.75","+1.93","+3.93","+21.2","+6.01","-8.63","+45","26.35","23.75","23.75","21.35","38.9","1.52","5.4","-0.09","+0.1"
="2345","智邦","284","-3.73","-1.56","-2.24","-5.65","-3.4","+13.1","-0.35","-3.07","+15.9","252","226","226","226","354","-16.5","-7.92","-0.41","+2.52"
="2347","聯強","59.5","+0.51","+1.88","+2.76","-1.16","+3.66","+9.38","+11.8","-1","+32.7","54.5","50.5","49.8","44.2","62.3","11.2","0.88","+0.22","+0.16"
="2351","順德","155","-3.43","-4.91","-4.91","-2.52","-8.01","-11.9","+12.3","+65.2","+100","151","116.5","91.2","71.2","200","-24.4","-13.7","-4.88","-2.98"
="2352","佳世達","29.25","-1.18","-0.85","-1.35","-2.5","-4.1","-7.44","-0.34","-5.65","+20.4","29.2","27.4","27.4","24.15","38.75","-48.3","-37.6","+0.02","+0.38"
="2353","宏碁","28.1","0","+1.44","+1.08","+0.72","+2","+7.25","+12.9","-12.6","+19.6","26.1","23.45","23.45","23.1","35.85","5.8","12.4","-0.26","+0.39"
="2354","鴻準","64.3","-0.92","-1.38","-1.08","-3.45","-4.17","-6.95","+0.16","-1.23","+23.2","63.5","62.7","61.3","51.4","79.6","-19.8","-15.2","-0.01","+0.09"
="2355","敬鵬","36.25","-5.23","-0.96","+8.86","+12.8","+6.3","+24.8","+14.7","+22.1","+17.3","29.1","27.2","27.2","23.85","40.45","-1.94","-2.03","+1.37","+1.82"
="2356","英業達","25.55","-2.67","-0.97","-1.92","-1.73","-3.4","-3.95","+4.93","-2.29","+8.49","25.2","24.15","23.1","22.65","28","13.8","12.5","-1.02","-2.03"
="2357","華碩","363.5","+0.97","+3.12","+2.25","+0.69","+1.11","+2.11","+15","-7.27","+45.7","351.5","313.5","307","247","428","13.5","7.9","+0.42","+0.31"
="2358","廷鑫","21.4","-2.06","-2.73","+0.47","-5.31","-5.93","-2.95","-9.7","+46.6","+35.4","20.6","20.6","13.7","12.5","29.85","3.47","-7.99","-0.1","-0.21"
="2360","致茂","181","-1.63","-2.43","-1.09","-2.16","-3.21","-3.72","+1.69","-6.94","+14.2","179","173","173","157.5","230","-12.5","-7.83","-0.03","+0.15"
="2363","矽統","26.05","-2.98","+1.17","+4.83","+1.96","+0.19","+7.2","-0.57","+18.9","+62.8","23.85","22.2","20.35","15.2","31.8","3.14","2.92","+1.4","+1.21"
="2367","燿華","18.35","-2.65","-2.13","-1.61","-6.14","-13.6","+0.82","-8.25","-15.6","-22.6","17.85","16.05","16.05","16.05","24.75","-19.4","-17.5","-0.05","-0.5"
="2368","金像電","73.4","-1.87","+2.09","+4.56","+3.97","-1.21","+6.84","+2.23","+27.4","+47.5","67.3","59.1","54.2","38.65","83.6","10.4","7.37","+0.9","+1.6"
="2369","菱生","26.95","-3.06","-4.09","+5.48","+1.89","+3.26","+1.32","-6.91","+49.7","+102","24.5","23.2","17.2","13.05","32.3","-1.04","-2.85","+0.83","+0.57"
="2371","大同","34","-3","-4.49","-2.86","-7.36","-6.08","+1.34","+14.3","+35.5","+61.1","31.2","27.5","23.65","20.25","39.9","-17.1","-13.3","-0.26","-0.67"
="2374","佳能","23.05","-5.14","-4.75","-1.91","-0.22","+5.73","+12.7","+48.7","+48.7","+66.4","18.55","14.45","14.45","13.45","25.45","-1.35","-2.6","+0.89","+0.85"
="2375","凱美","113","-3.42","-3.42","-0.44","+1.35","+22.8","+36.1","+14.7","+8.65","+64.2","83.5","75.8","75.8","67.5","146.5","2.38","0.32","+0.27","+0.51"
="2376","技嘉","136.5","-1.8","+0.37","+3.41","+1.87","-1.44","+15.2","+53.7","+19.7","+73","117","83","80.5","74.6","148","-9.17","-0.79","-0.78","-0.47"
="2377","微星","161","-2.13","-1.23","-0.31","-1.23","0","+12.2","+20.6","-8","+25.8","142.5","123.5","117","117","203","-7.39","3.36","-0.14","-0.06"
="2379","瑞昱","554","+0.91","-0.18","+3.36","+1.84","+0.91","+12.7","-2.12","+10.8","+43.5","481.5","445","445","374.5","621","7.55","-3.34","+0.62","0"
="2380","虹光","13.2","-4","0","-3.65","+12.3","+30.7","+26.3","+24.5","+1.93","+95.3","9.95","8.7","8.7","6.35","16.5","-1.28","-0.84","0","0"
="2382","廣達","87.9","0","+2.33","+1.5","-0.11","-0.45","+11","+14","+0.11","+13","78.7","73.8","72.5","72.5","102","-0.53","1.44","-0.38","-0.51"
="2383","台光電","269","-3.76","-3.93","-3.93","-0.19","+15.9","+17.7","+15.9","+68.7","+70.3","226.5","200","157","141.5","293.5","14.9","16.2","-5.71","-6.06"
="2385","群光","80.9","0","+1.76","+1.63","+0.87","-0.12","+1.12","+1.89","+2.41","-7.22","78.7","76.3","76.2","75.9","107","12.7","6.72","-0.06","-1.55"
="2388","威盛","87.6","-1.57","-0.79","+4.29","+2.34","-1.68","+27","+71.8","+72.1","+69.8","64.6","38.05","38.05","38.05","103.5","0.12","0.99","+2.48","+5.39"
="2392","正崴","38","-1.04","-1.04","-0.52","-3.8","-3.06","-1.04","-0.91","-6.98","-12.8","37.7","36.3","36.3","36.3","51.5","-34.2","-18.3","-0.05","-0.04"
="2393","億光","51","-1.73","-0.58","+1.39","-2.67","+0.2","+2","-7.78","+7.03","+34.9","49","44.2","44.2","36.55","68.9","11.5","1.95","-0.34","-0.03"
="2395","研華","379.5","+2.43","-0.65","+0.93","-2.57","-1.43","+4.12","-1.43","+18.6","+23.4","353","338.5","316","303.5","398","6.28","5.33","0","0"
="2401","凌陽","40.3","-2.66","-3.12","+3.6","+0.37","-2.66","-1.23","-0.74","+33.9","+151","36.75","30.6","29.75","15.85","47.55","15.7","8.9","+0.72","+0.21"
="2402","毅嘉","16.45","-2.66","-1.5","+0.92","-2.66","-4.08","+1.54","-3.8","-6.53","-9.62","15.9","14.45","14.45","14.2","23","19.3","15.6","0","-0.08"
="2405","浩鑫","13","+5.69","+7.88","+9.24","+1.17","+6.12","+9.24","+23.8","-0.38","+27.5","11.8","10.1","10.1","9.88","15.3","4.5","-3.42","0","0"
="2406","國碩","24.75","+1.02","+1.64","+7.14","+4.87","+9.76","+1.43","+3.13","+29.2","+7.14","22.1","20.7","18.2","14.5","29.3","3.66","3.89","+1.18","-0.67"
="2408","南亞科","79.8","+5","+7.55","+8.87","+7.26","+11.5","+20","+20.5","-4.55","-2.09","65.5","59.4","59.4","59.4","105","19.6","19","+1.37","+2.66"
="2412","中華電","114","+0.88","+1.79","+1.33","+0.44","-0.87","+3.17","+2.7","0","+4.59","110","110","109","108","118.5","-9.79","-16.3","+0.63","+0.93"
="2415","錩新","46.8","-5.07","0","+6","-0.95","+0.11","+4.7","+9.09","+13.7","+129","41.85","32.4","32.4","18.85","64.1","-5.39","-7.12","-0.65","-1.42"
="2419","仲琦","24.4","-1.01","-1.21","-0.81","+5.63","+3.83","+16.7","+26.8","+16.5","-3.56","20.85","18.55","17.9","17.9","27.5","-2.63","-0.71","+1.41","+1.8"
="2420","新巨","45.9","-2.34","-2.24","-2.13","-0.65","+4.32","+9.55","+12.5","+23.4","+38.5","41.7","39.05","36.85","31.75","48.35","7.41","4.26","0","0"
="2421","建準","41.8","-3.8","+0.24","+0.24","-9.13","+8.01","+7.18","+6.23","-7.11","-23.7","38.2","35.2","35.2","35.2","57.4","-4.37","-9.8","+0.36","-0.2"
="2426","鼎元","27.65","-3.49","-0.54","+2.41","-2.98","+0.55","+4.54","+11.5","+1.28","+62.2","25","19.7","19.7","15.45","32.6","20.1","15.4","-0.36","+0.01"
="2431","聯昌","12.9","+2.79","+3.2","+4.88","-0.39","+4.88","+14.2","+7.05","-13.4","+1.18","11.35","10.3","10.3","10.25","16.9","0.24","-1.5","+0.29","-0.91"
="2436","偉詮電","96","-4.48","+3.45","+4.12","+0.31","-7.69","+19.9","+18.7","+31.7","+177","78.8","70.4","65","34.15","115.5","-14.7","-11.6","+0.2","-0.79"
="2441","超豐","78.2","-0.51","+1.43","+2.62","+0.39","-4.28","+0.26","-15.3","+6.83","+38.9","74.7","73","68.5","52.7","99.5","-5.49","-15","-0.1","-0.3"
="2442","新美齊","11.25","-0.88","0","-0.88","-3.85","-4.66","-4.66","-0.88","+8.7","-8.54","11.15","10.9","9.69","9.08","13","-43.5","-33.1","+0.26","-0.34"
="2449","京元電子","43.7","-0.57","+0.23","+2.82","+1.75","+0.58","+9.8","-2.89","+3.55","+23.3","40.15","36.4","36.4","33.55","52","20.9","21.5","+0.35","+1.1"
="2451","創見","69.8","+0.29","+0.72","+1.16","-0.43","-1.13","+2.65","0","-4.12","+3.41","67.7","65.2","65.2","61.4","91.9","-3.38","-16.3","-0.18","-0.17"
="2453","凌群","26.4","-0.75","+1.34","+1.73","+0.76","+2.72","+13.3","+15.8","-0.56","+51.7","23.3","21.3","21.3","16.6","30","23.6","19.1","+0.05","+0.1"
="2454","聯發科","1080","+1.41","+6.93","+4.85","+4.35","-0.46","+16.4","+15.8","+10.1","+51.7","926","839","839","689","1185","14.9","12","+1.18","+0.86"
="2455","全新","144.5","-4.93","-5.56","-5.56","-1.03","+6.25","+5.09","+3.58","+26.2","+43.8","130","110.5","109.5","89.6","162.5","-4.52","-1.8","-0.29","-0.01"
="2457","飛宏","35.65","-2.19","-1.66","+0.56","-3.91","-5.06","+0.56","+3.48","-1.52","+144","34.15","27.95","27.95","14.3","48.95","-5.52","-4.42","-0.13","-0.89"
="2458","義隆","161","-1.83","-0.62","-2.13","-4.45","-4.45","-3.88","0","-22.8","+20.6","156.5","141","141","132","228.5","-23.8","-14.7","-0.26","+5.81"
="2461","光群雷","22.7","-2.78","-2.16","+0.22","-1.94","-1.52","+14.6","-2.58","+2.95","+14.9","19.85","18.45","18.45","16","25.45","0.86","14.9","+0.26","-3.6"
="2464","盟立","41.95","-1.53","-0.36","+0.24","-2.89","-3.56","+1.08","+3.84","-6.88","-2.67","41.05","38.95","38.4","38.4","53.9","5.07","1.52","-0.04","-0.24"
="2465","麗臺","74.4","-0.67","+0.27","+5.68","-1.85","+1.92","+15.5","+13.8","+4.06","+299","64.7","52","52","16.05","98","0.21","-0.45","-0.16","-0.38"
="2472","立隆電","68.6","+0.88","+1.78","+3.94","+1.78","+2.69","+9.94","-2.28","+6.36","+15.9","62.4","56","56","53.4","85.3","-1.49","-4.74","+0.19","+0.26"
="2476","鉅祥","60.7","-2.57","-2.1","+2.88","+1.17","-4.71","-4.86","-4.56","+68.6","+205","55.8","46.8","33.2","19.55","69","12.9","8.81","+0.27","-0.28"
="2478","大毅","66.3","-1.92","-0.6","+0.3","-2.21","-0.75","+5.74","+2.63","-4.47","-12.9","62.9","57.5","57.5","57.5","92.7","10.9","7.52","+0.06","-0.26"
="2481","強茂","107","-3.17","-3.17","+0.94","-0.93","+0.94","-4.04","+6.47","+100","+139","95","78","51.5","39.6","125","2.9","2.7","-1.44","-0.03"
="2482","連宇","14.2","-0.35","+1.79","+3.65","-4.7","-3.07","+6.37","+17.4","+25.7","+34","13.2","11.9","10.75","9.9","16.3","6.31","5.18","-3.34","-14.3"
="2484","希華","40.25","-2.54","-1.11","+0.5","-2.42","-5.52","+19.3","+18.2","+41.2","+73.9","33.15","28.45","27.55","21.6","46.1","-19.4","-8.95","-0.25","-0.63"
="2485","兆赫","20.8","-3.93","-4.15","-1.19","-4.81","-2.12","+3.48","+16.5","+6.94","+6.12","20.1","17","17","16.7","27","11.4","9.32","-0.16","-0.45"
="2486","一詮","53.6","-2.72","-3.07","0","-4.63","-9.61","-14.2","-2.01","+82.6","+167","51.4","46.25","28.3","16.3","67.5","-7.11","-2.45","-0.11","-0.26"
="2489","瑞軒","18","-1.64","-1.91","-4.26","-9.32","+0.56","","+5.26","+0.84","+51.9","17.6","16.35","16.35","10.95","22.7","-44.6","-19.2","-0.22","-0.26"
="2497","怡利電","65.8","-4.08","-0.9","+8.94","+21","+49.5","+74.5","+90.2","+125","+122","37.2","28.6","27.7","25.4","69.7","9.39","3.49","+2.7","+9.99"
="2498","宏達電","80.2","-3.84","+3.48","+2.82","-0.99","-6.85","+17.6","+126","+115","+155","63.9","33.7","33.7","27.7","97.3","-3.61","-2.05","+0.49","-2.59"
="2504","國產","26.7","-0.19","+0.38","+0.19","-2.38","-4.47","+7.44","+16.3","+4.5","+1.71","24.6","22.25","21.1","20.6","30.9","13.3","6.1","-0.02","-0.05"
="2511","太子","13.05","-1.51","-1.14","-1.51","-3.69","-3.33","-0.38","-5.09","+7.85","+12.5","12.85","12.5","11.6","10.65","14.6","-16.6","-21.5","-0.13","-0.23"
="2515","中工","8.75","-0.91","-0.23","-0.23","-3.53","-4.06","-0.57","-0.79","-6.52","-9.33","8.65","8.25","8.22","8.03","11.8","-20.5","-29.2","-0.03","-0.01"
="2520","冠德","38.6","-0.13","+0.26","+2.25","+1.05","+0.39","+2.52","-8.85","+2.39","+4.47","37.45","37.45","36.15","31.5","44.6","48.3","30.3","+0.12","+0.23"
="2527","宏璟","32.45","-1.67","-2.26","+0.46","-1.96","-5.81","+7.27","+13.3","+42.3","+70.8","29.7","27.6","22.25","18.25","35.25","-9.88","-6.32","0","-0.18"
="2530","華建","14.6","-0.34","+1.39","+1.39","+0.69","+0.34","-1.35","+4.29","+6.57","+2.46","14.25","13.65","13.45","12.95","15.85","-0.22","-4.69","0","0"
="2534","宏盛","22.6","0","+0.89","+2.26","-3.42","-4.03","-5.04","+7.88","+9.71","","21.95","20.3","19.3","17.85","24.9","-10.3","-28","-0.09","-0.1"
="2535","達欣工","32.3","+1.1","+2.05","+2.38","+1.41","-0.46","+6.43","+6.43","-3.44","+20.5","30.35","29","28.95","24.5","37.3","18","4.94","0","-0.13"
="2537","聯上發","10.45","-0.95","+1.46","+0.97","-2.34","-2.34","+8.18","+7.4","+12","+0.97","9.69","9.3","8.98","7.92","11.15","22.1","6.1","0","-0.01"
="2538","基泰","14.25","-4.04","-5.32","+1.42","-2.73","+8.78","+8.37","+16.8","+42.8","+33.8","12.75","11.3","9.8","9.2","15.8","-14","-7.82","+0.46","+0.32"
="2542","興富發","46.3","-0.86","+0.22","-0.32","-1.7","-0.64","+3.58","-4.04","+10.6","+4.4","44.4","44.15","41.25","40.4","49.8","-12.4","-5.76","-3.45","+0.02"
="2547","日勝生","10.05","-1.95","+1.11","+0.8","-0.99","-1.95","-3.37","-3.83","-11.8","-20.2","9.81","9.81","9.81","9.81","13.6","-16","-34.5","+0.03","+0.22"
="2610","華航","26.1","-3.33","+0.38","+5.45","-12","-7.94","+37.7","+55.8","+27.3","+155","18.9","15.4","15.4","9.97","31.15","-7.74","-4.07","-8.07","-15.3"
="2618","長榮航","25","-3.29","-0.79","+5.26","-12.9","-11.7","+22","+35.5","+24.7","+88","20.35","17.05","17.05","11.9","29.4","-2.23","-4.92","+7.18","+3.52"
="2633","台灣高鐵","29.9","0","+0.84","+1.36","-2.29","+1.87","+3.28","+0.17","-0.83","-3.7","28.8","28.2","28.2","26.8","31.8","2.16","2.74","-0.2","+0.08"
="2634","漢翔","29.05","-0.51","+0.17","-0.51","-4.44","-4.28","+1.04","+1.22","-2.84","+2.11","28.5","27.2","27.2","25.45","32.1","-40.3","-17.9","-0.06","-0.04"
="2801","彰銀","16.55","-0.6","+0.91","-0.9","-3.78","-4.34","0","+0.3","-2.36","-5.97","16.4","16.1","15.95","15.95","18.3","-42.4","-42.3","-2.7","-2.61"
="2809","京城銀","40.55","-0.12","+0.75","+0.5","-0.98","-2.99","-1.46","-8.26","+0.37","+5.87","40.05","40.05","39.25","37.55","44.6","-55.2","-49.3","0","-0.15"
="2812","台中銀","11.95","-0.42","+0.42","0","-1.24","-2.05","-0.42","+3.02","+3.46","+9.13","11.9","11.35","11.35","10.65","12.25","-27.3","-18","0","-0.45"
="2820","華票","17.35","+0.58","+1.46","+1.17","-0.29","-2.53","+3.58","+7.1","+7.76","+16.4","16.6","15.7","15.7","14.65","18.05","33.4","19.1","0","0"
="2823","中壽","30.5","-0.16","-0.49","+0.16","-0.97","-2.09","+4.99","+6.09","+22.5","+37.7","28.75","28.55","24.15","21.9","31.25","29.2","31.8","0","+0.07"
="2834","臺企銀","9.62","-0.21","+0.21","-0.62","-2.73","-3.32","+1.37","-0.52","-0.31","-2.34","9.45","9.39","9.36","9.1","10.3","-50.7","-36","0","+0.03"
="2836","高雄銀","11.6","0","+1.31","-0.43","-2.52","-2.93","+3.11","-0.85","+4.04","+12.6","11.15","10.75","10.65","9.54","12.35","-22.8","-16.1","0","0"
="2838","聯邦銀","12.25","-1.21","-3.16","+0.82","-0.41","-1.21","+4.26","+5.6","+4.26","+17.2","11.8","11.6","11.35","10.3","12.65","13","3.72","+0.22","+0.22"
="2845","遠東銀","10.45","-0.48","-0.48","-0.48","-1.42","-3.69","-0.48","-4.57","-1.88","-1.88","10.4","10.3","10.3","10.2","11.2","7.1","-3.7","-0.03","0"
="2855","統一證","22.9","-1.08","-2.97","+0.66","-1.93","-3.38","+1.78","-2.14","-20.3","+44.9","22.4","21.65","21.65","15.7","30.75","-30","-21","-1.22","-0.29"
="2867","三商壽","9.24","-0.43","-0.65","+0.11","-2.43","-2.94","+0.98","+0.65","-4.94","+7.82","9.13","9.05","8.93","7.96","10.9","-22.9","-24.5","-0.11","-0.1"
="2880","華南金","20.55","-0.24","+1.73","+0.49","-1.44","-3.07","+0.49","-0.48","+11.7","+13.5","20.2","19.95","18","17.15","21.35","-18.7","-26.6","+0.25","0"
="2881","富邦金","73.7","-0.54","+0.82","+0.27","-0.81","-3.53","+1.52","-10.9","+0.14","+65.4","72","72","69.7","44.1","85.7","-15.6","-24.3","-0.33","-0.3"
="2882","國泰金","59.5","-0.67","-0.83","+0.34","-3.41","-5.56","+3.66","+1.36","+6.63","+46.9","57.3","55.4","51.5","39.9","63.5","-13.3","-24.2","-0.14","-0.78"
="2883","開發金","16.15","-0.62","-1.52","-0.31","-3.87","-5.56","+14.1","+17.5","+27.2","+80.9","14.1","13.65","12.1","8.86","17.5","-15.5","-13.8","-2.01","+7.55"
="2884","玉山金","27.7","+0.54","+2.78","+1.84","-0.72","-0.89","+3.75","+5.52","+6.74","+9.49","26.55","25.8","25.35","23.6","28.25","0.15","-10.3","+0.22","-3.04"
="2885","元大金","24.55","+0.82","+3.59","+1.03","-1.41","-2.19","+0.82","+0.2","-5.58","+26.5","23.7","23.7","23.15","19.15","27.8","-21","-28.4","+0.04","+0.87"
="2886","兆豐金","34.25","+0.29","+0.15","+1.03","-0.72","-1.3","+2.85","+6.7","+3.79","+17.3","33.15","31.85","30.6","28.15","34.75","-12","-18.1","+1.64","+1.58"
="2887","台新金","18.6","-0.27","0","+2.2","-0.53","-3.63","+2.48","-1.33","+22","+39.8","18","17.65","14.7","12.5","19.7","0.74","-10.3","-0.03","-0.05"
="2888","新光金","10.45","-1.88","-0.95","-1.88","-7.52","-9.52","+7.29","+12.6","+3.98","+21.4","9.68","9.07","8.93","8.03","11.7","-34.3","-19.1","-2.36","-4.56"
="2889","國票金","15.9","0","-0.62","+0.32","-1.85","-3.05","+0.32","-0.93","-7.29","+32","15.65","15.45","15.45","11.95","18.2","-1.77","-10.3","+0.25","+0.27"
="2890","永豐金","15.15","0","-0.98","+1","-2.26","-0.33","+7.07","+8.21","+10.6","+34.7","14","13.65","13.2","10.95","15.65","0.42","2.59","+0.12","-0.49"
="2891","中信金","25","+0.6","+2.46","+2.88","+0.2","+1.01","+8.23","+10.1","+9.17","+28.2","23.05","22.2","21.05","19","25","20","9.76","+0.45","+0.62"
="2892","第一金","23.7","+0.42","+2.6","+1.72","-0.42","-1.25","+3.27","+4.87","+6.52","+11","22.8","22.1","21.9","20.2","24.05","-8.11","-15.9","-0.06","-1.15"
="2897","王道銀行","7.77","-1.15","+0.13","-0.77","-2.63","-4.9","-0.89","+2.51","+9.13","+17.7","7.74","7.45","6.8","6.46","8.68","1.87","-15.8","-0.01","-0.03"
="2903","遠百","21.3","-0.93","+1.19","+0.71","-1.16","-5.54","-3.4","-2.29","-8.19","-12.5","20.8","20.8","20.7","20.7","25.25","-11.3","-15.8","+0.24","+0.24"
="2905","三商","22.95","-1.29","-2.34","-0.65","-2.75","-4.57","-0.22","-0.65","-0.22","+8.77","22.8","22.8","20.85","19.6","26.1","-4.43","-12.4","+0.09","+0.08"
="2906","高林","15.4","-0.32","0","-0.32","-1.6","-0.32","+0.65","+1.32","-0.96","+4.41","15.15","15","14.25","12.7","18.2","2.27","-0.93","+0.02","+0.02"
="2908","特力","21.4","+2.64","+3.88","+0.23","-2.73","-8.15","-11.2","-12.8","-21.9","-18.3","20.5","20.5","20.5","20.5","28","-29.6","-36.6","-0.05","0"
="2912","統一超","277.5","+0.36","+3.16","0","-2.46","-4.97","-1.6","-0.36","+4.13","+4.72","269","267.5","258","253.5","294","-17.2","-17.3","-0.46","-0.61"
="2913","農林","19.15","-1.29","-1.03","-0.78","-3.53","-6.81","-7.26","-4.73","-8.59","+10.4","19","19","18.75","16.1","25.6","-1.98","-9.35","+0.01","+0.03"
="3003","健和興","92","-1.81","-1.39","+0.22","-1.71","-7.91","-6.31","-0.65","+24.5","+112","88.1","79.6","72.1","41.05","109","-16.6","-9.7","-0.49","-1.86"
="3005","神基","53.9","-1.1","0","+1.13","+0.94","-1.1","+0.94","+1.13","+5.69","+11.6","52.2","49.8","49.15","45.6","66.8","-9.06","-1.57","-0.02","-0.02"
="3006","晶豪科","167","-0.3","+3.73","+7.05","+5.36","+1.83","+16.8","+19.3","+23.2","+203","138","110","110","53","213","7.04","9.54","+0.51","+0.37"
="3010","華立","89.4","-1.11","-1.65","+3.11","-0.45","+0.11","+3.35","+6.81","+15.2","+15.5","86.3","76.5","76.5","71.2","93.6","12.1","3.56","+0.07","+0.11"
="3011","今皓","11.15","-2.19","0","-1.76","-7.85","-2.62","-16.8","+2.76","+39.2","+70.2","11","9.38","7.21","6.25","13.75","-6.48","-2.55","0","0"
="3013","晟銘電","13.35","-2.91","-3.26","-3.61","-1.48","-1.11","-0.37","+6.37","-0.74","-1.11","13","12.1","12.05","11.6","18","-2.24","0.79","+0.01","0"
="3014","聯陽","104","-0.95","-0.48","0","-0.95","-5.88","+0.48","-6.73","-12.6","+47.5","99","92.2","92.2","66.6","143.5","-8.35","-0.35","+0.11","+0.19"
="3016","嘉晶","148","-0.34","+1.37","-0.34","+1.37","+13.8","+38.3","+63.7","+117","+120","95.5","75.8","64.9","54.7","154","5","6.37","-3.22","-3.32"
="3017","奇鋐","86","-2.82","-2.71","-0.58","+0.23","+2.99","+7.23","+14.8","+18.3","+19.1","78.6","71.2","66.8","52.5","92.3","8.27","9.19","+0.01","+0.09"
="3019","亞光","97","-4.43","-2.12","+3.08","+2.11","+7.06","+12.5","+17.6","+18.4","+31.3","83.9","70","70","66.5","103.5","2","0.39","+0.28","+0.32"
="3021","鴻名","23.9","-1.65","-0.83","+5.05","0","+5.75","+11.9","+4.82","+8.14","+61.5","21.3","20","18.6","14","33.8","5.97","1.77","0","-0.22"
="3023","信邦","252","+0.8","-0.98","-2.33","-3.08","-2.14","+8.15","+16.7","-4.18","+22.3","228","210.5","207.5","195.5","298","4.05","19.7","+2.64","+3.14"
="3024","憶聲","13.45","0","0","+0.75","-1.47","+0.37","-4.61","+5.08","-0.37","+13","13.2","12.2","12.15","9.86","18.05","-3.76","1.04","0","0"
="3026","禾伸堂","120.5","-1.23","-0.41","+0.42","0","-1.23","+5.24","0","-8.02","+4.33","114.5","108","108","104","151.5","21.5","22.5","+0.17","+0.15"
="3028","增你強","31.5","-3.23","-0.63","+1.45","-0.63","+1.45","+9.76","+11.9","+11.3","+44.8","28.7","27.5","26.85","21.5","32.7","1.86","-0.6","-0.04","+0.01"
="3029","零壹","44.05","-1.23","-0.68","-1.12","-2.76","-3.19","-3.61","-6.67","-6.28","+12.5","43.3","42.1","40.5","36.65","51.2","-7.07","-12.9","+0.85","+0.85"
="3031","佰鴻","24.3","-3.95","-3.57","+2.97","-5.26","-1.42","-8.65","-11.6","+29.9","+63.1","22.85","20.05","17.85","14.2","31.85","13.4","8.66","+0.73","+1.18"
="3033","威健","29.2","-1.68","-1.68","+0.86","-1.52","-0.68","+6.38","+19.9","+21.9","+51.3","27.35","24.05","21.7","18","33","18.6","2.54","+1.79","+2.42"
="3034","聯詠","486","+0.73","+4.4","+3.4","+2.75","-1.52","+19.9","+6.46","-3.76","+57.8","407","364","364","301","656","-4.79","-5.08","+0.86","+1.21"
="3035","智原","184.5","-1.34","-0.81","+0.82","+4.53","-5.87","-10.2","+69.3","+161","+280","171.5","93.4","68.2","48.2","219","-6.79","-0.82","+1.34","+5.2"
="3036","文曄","65.1","-1.81","+2.68","+2.2","+0.77","-0.31","+2.04","+7.96","+17.9","+61.5","62.4","57.4","53","40","69.3","-25.5","-16","-0.05","-0.02"
="3037","欣興","213","-4.7","-6.58","0","+1.19","+10.6","+8.67","+44.4","+75.3","+150","182.5","115","115","80","229.5","-6.31","-5.1","-0.2","-0.26"
="3041","揚智","33.55","-3.59","-1.03","+1.36","-3.59","-12.9","+23.1","+11.3","+23.3","+8.23","26.85","22.7","22.7","20.6","41.3","-7.08","0.69","-0.3","-1.54"
="3042","晶技","103.5","-1.9","-1.9","-0.48","-3.27","-8.41","+1.97","-10.4","-3.72","+27.1","97.1","94.4","94.4","71.5","144.5","-21.6","-7.18","+0.15","+0.17"
="3044","健鼎","121","-1.63","-3.2","-0.41","+1.68","+0.83","+4.76","+4.31","-5.84","-0.41","113","109.5","108","108","147","3.06","18.1","-0.05","+0.06"
="3045","台灣大","98.8","+0.51","+1.86","+0.61","0","-1.69","+0.82","+0.3","-1.69","+1.13","97","97","96","95.5","109.5","-29.6","-34.5","0","0"
="3046","建碁","39","-5.57","-5.45","+3.86","-3.35","+41","+58.2","+78.5","+58.9","+156","23.2","17.8","17.8","14.65","43.3","3.46","2.41","0","0"
="3047","訊舟","11.05","-0.45","0","+3.76","-0.9","-2.64","+3.27","+12.4","-3.49","-28.5","10.25","9.69","9.65","9.2","15.3","16.3","5.11","0","0"
="3048","益登","31.35","-1.72","-1.26","-0.16","-1.26","-2.79","-5.86","-17.2","-10.6","+34","30.7","27.5","27.5","21.8","40.05","-28.5","-31","+0.06","+0.05"
="3049","和鑫","13.3","-3.27","-2.21","-1.12","-4.66","-0.37","+9.47","+18.2","+2.7","+16.2","12.25","10.6","10.6","9.35","16","-18.3","-3.49","-0.15","-0.51"
="3050","鈺德","17.65","-1.12","-0.28","+3.22","+0.28","+1.44","-0.28","+19.3","+15","-3.55","16.35","13.55","13.55","12.5","21.9","34.1","21.7","+0.08","-0.09"
="3051","力特","10.9","-2.68","-1.36","-2.68","-5.22","-8.02","+9","+7.92","+30.5","+102","9.96","8.5","8","5.25","13.9","-10.1","-3.17","0","0"
="3056","總太","40.75","+0.12","+0.74","+0.74","-1.09","+0.99","+4.76","+4.22","+3.95","+2.39","38.75","37.6","37.6","35.8","44.95","-12.9","-24.7","0","0"
="3059","華晶科","38.65","-3.62","-2.4","-0.26","-2.77","-3.01","+3.76","+6.33","+8.57","+39.5","36.6","30.4","30.4","27.4","48.55","18","4.76","-0.37","-0.58"
="3062","建漢","30.6","-5.99","-4.37","-5.26","-11.6","-11.8","+25.7","+65.4","+71.9","+94.9","24.2","17.05","16.6","14.55","37.65","-6.47","0.85","-1.08","-1.27"
="3066","李洲","31.25","+9.84","+20.7","+32.7","+60.3","+92.9","+131","+133","+155","+311","13.4","11.3","11.3","6.83","31.25","0.33","0","",""
="3071","協禧","25.95","+3.8","+13.6","+14.8","+10.9","+10.9","+16.6","+9.49","+0.78","+9.03","21.85","20.35","20.35","20.35","32.8","-1.16","-1.41","+2.76","+2.71"
="3090","日電貿","55.2","-0.18","+3.76","+6.15","+5.34","+5.14","+10.4","+8.24","+3.76","+14.8","50.2","48.8","48.7","46.3","63.1","-3.77","-2.09","+0.11","+0.14"
="3094","聯傑","34","-3.41","0","+0.59","-2.02","-7.48","+7.09","-1.45","-1.73","+47.8","31.6","27.65","27.65","21.95","45.65","-8.21","3.52","-0.5","-0.44"
="3105","穩懋","352","-1.68","-2.9","-3.43","+0.28","-0.14","+1.59","+3.53","+7.65","+1.44","339","290.5","290.5","276.5","467.5","-18.8","3.46","-0.13","+1.09"
="3122","笙泉","64.9","-1.22","+0.93","-0.76","+5.53","-0.31","+41.5","+29.8","+63.9","+298","46.8","37.25","34.25","15.85","72.8","-5.51","-2.65","+2.74","+2.72"
="3128","昇銳","22.8","-2.36","-0.65","+3.17","-1.94","-1.51","+12.3","+27.4","+29.9","+73.4","20.1","17.55","16.8","12.7","26.5","16.3","19.1","+0.21","+0.17"
="3141","晶宏","231.5","+1.98","-4.34","-7.21","-6.09","-8.32","+2.66","+41.2","+181","+497","210","130","77.7","38.3","285","-9.98","-6.15","-0.57","-1.24"
="3167","大量","94.8","-2.77","-3.56","-1.04","-2.37","-8.41","+24.6","+33.5","+37.8","+113","77.3","64","60.6","43.2","107","-14.8","7.18","-0.13","-0.42"
="3169","亞信","261","-3.15","+6.53","+3.78","-1.32","+16.3","+62.1","+91.9","+104","+539","158.5","112","112","40.05","283.5","-1.09","0.13","+1.95","-1.82"
="3188","鑫龍騰","18.05","+0.84","+1.12","+4.64","+3.74","+2.56","+11.4","+27.6","+25.8","+12.8","15.6","13.6","13.6","13.05","19.25","3.33","3.29","+0.09","+0.1"
="3189","景碩","230","+0.88","-4.37","-1.71","-3.77","-2.75","-1.29","+13.6","+94.1","+165","220","181","113","73.1","257.5","-0.06","-1.44","-1.67","-5.72"
="3202","樺晟","16.35","-1.21","-1.51","-0.3","-1.51","-0.91","+19.3","+26.3","+6.86","-28.3","13.35","11.75","11.75","11.4","22.9","19.6","5.57","0","0"
="3207","耀勝","23.5","-3.89","-3.29","-2.08","-4.86","-6","+0.43","+17.5","+112","+135","21.9","13.05","10","9","28.7","-0.64","-1.75","-0.51","-4.91"
="3211","順達","99.6","-1.87","-3.3","-1.87","-0.4","+4.95","+1.94","+2.68","-7.78","+19.6","92.6","90.5","89","82.3","138.5","-9.35","-3.47","-0.01","+0.01"
="3217","優群","123","-1.2","+1.65","+11.8","+16.6","+29.3","+31.8","+24.2","+16","+2.93","92.1","79.6","79.6","79.6","138.5","6.82","5.57","+0.16","+0.23"
="3221","台嘉碩","41.1","-5.95","+0.61","+4.71","+1.99","-0.72","+29.2","+23.2","+84.7","+77.9","31.7","26.1","21","17.75","47.6","-4.82","-4.69","-0.22","-0.26"
="3224","三顧","61.8","-2.52","-1.12","+4.57","+4.22","+11.2","+38.4","+43.7","+47.8","+31.5","43.6","38.5","38.5","38.5","65.5","1.73","6.41","+0.34","+0.48"
="3228","金麗科","455","-6.38","-9","-7.71","-2.78","-12.8","+16.1","+12.6","+41.3","+165","383.5","286","286","155.5","615","-2.22","-2.45","",""
="3230","錦明","19.7","-0.25","-1.25","+1.55","0","-5.74","-1.25","-7.29","+16.6","+191","18.5","18.35","15.2","6.15","25.75","6.4","-2.93","0","0"
="3231","緯創","29.15","-0.51","+1.92","-0.51","-1.69","+1.22","-0.17","+6","-6.72","-7.31","28.25","26.9","26.55","26.55","34.8","8.59","11.2","+0.03","-0.05"
="3264","欣銓","56.9","+0.35","+2.52","+4.6","+3.64","-0.7","-4.85","-13.5","+33.6","+48.2","52.2","51.9","41.65","35.05","71.9","1.55","-5.82","-1.93","-1.96"
="3276","宇環","16.95","-1.45","-1.45","-3.69","0","+0.59","+2.42","+13","+25.6","+73.8","16","14.2","11.9","9.5","21.75","8.28","3.5","-0.23","0"
="3289","宜特","55.8","-2.11","-0.89","-0.89","+0.18","-3.79","+8.14","+6.9","+10.3","-4.12","51.5","44.4","44.35","40.8","63","-7.78","-8.15","+0.11","-0.12"
="3290","東浦","22.1","+7.54","+10.8","+16.9","+21.4","+37.3","+46.8","+74.7","+73.3","+32.3","14.75","12.35","12.05","11.55","22.2","0.03","1.08","+3.5","+4.41"
="3294","英濟","32.6","+3","+13.2","+24.4","+45.2","+43","+42.7","+90.6","+50.2","+50.2","21.05","16.2","16.2","16.2","34.8","0.25","0.19","+1.96","+3.79"
="3305","昇貿","77.8","-3.71","-7.82","-3.47","-3.95","-7.71","+1.57","+64.3","+63.1","+179","72.7","45","43.1","26.65","92.4","-0.61","5.52","+0.17","-0.37"
="3306","鼎天","35.4","-1.39","+8.42","+19.2","+23.6","+19.4","+26.9","+34.3","+68.2","+82.5","27.35","23.6","19.9","18.4","39.45","-0.02","-1.19","+3.97","+4.28"
="3312","弘憶股","25.65","-10","-10.3","-1.35","+0.39","+8.46","+18.2","+12","+25.1","+73.3","21.65","18.6","18.6","14.05","29.05","2.51","2.39","+1.34","+1.55"
="3313","斐成","11.2","-0.44","+7.18","+6.67","-2.61","-1.75","-0.88","+0.45","-5.49","-8.94","10.45","10.45","10.45","10.4","13.7","0.14","0.48","",""
="3317","尼克森","81","-2.64","-0.49","+2.66","+1.76","-1.46","+8.14","+3.58","+21.6","+89.9","73.1","59.5","59.5","41","97.9","-4","2.92","-0.59","-0.07"
="3321","同泰","13.8","+4.94","+4.55","+6.98","+3.37","+2.6","+7.81","+7.39","+4.55","-14.3","12.6","10.85","10.85","10.6","16.25","9.61","12.3","0","0"
="3324","雙鴻","189.5","-1.81","-1.04","+0.53","+1.34","+7.67","+19.6","+0.26","+11.1","-16.9","157","150.5","148.5","135","252","-2.73","1.64","-0.17","+0.64"
="3338","泰碩","62.2","+9.89","+12.5","+15.2","+7.99","+41.4","+56.5","+41","+25.9","-8.66","39.55","35.8","35.8","35.8","68.9","-2.82","-1.56","+2.7","+1.37"
="3339","泰谷","24.1","-5.86","-5.12","+4.33","-0.82","+25.2","+19.6","+26.8","+36.2","+79.2","18.6","16.3","16.3","12.45","33.15","0.87","0.44","+33","+39"
="3354","律勝","19.55","-6.24","-1.26","+2.89","-0.26","-5.78","+14.3","+36.2","+37.7","+55.2","17","14.25","13.2","11.35","21.55","9.09","5.3","+0.17","+0.19"
="3363","上詮","34.6","-2.54","+1.47","+5.33","+0.58","-0.43","+9.49","+35.4","+33.3","+17.3","31.05","25.05","24.35","22.05","38","10.6","12.4","+0.97","-0.49"
="3372","典範","25.1","-3.65","-3.83","+0.6","-1.95","-0.2","+11.3","-10.4","+35.3","+99.2","22.9","19.9","17.8","10.6","33","1.87","2.8","-0.1","-0.15"
="3380","明泰","29.05","+0.69","-0.51","+2.11","-1.69","-3.49","+9.62","+11.5","+0.69","-0.17","26.5","24","24","23.65","41.35","4.24","1.08","-1.19","-0.56"
="3390","旭軟","22.4","-3.24","-3.24","-1.32","0","+14","+29.1","+17.3","+41.8","+47.4","17.35","16.9","15.2","13.5","23.95","-1.77","0.02","-0.2","-0.68"
="3402","漢科","46.95","-7.4","-8.66","-3.79","-5.53","-0.11","+11.7","+15.4","+8.68","+51.9","41.6","38.6","38.6","28.5","51.8","0.38","8.92","+0.14","+0.15"
="3406","玉晶光","517","-7.18","-5.66","-3.54","-0.58","+5.51","+19.1","+0.19","+5.83","-18.3","413.5","370","370","369","656","4.56","13.1","-0.97","+0.99"
="3413","京鼎","225","-1.96","+0.45","+6.64","+3.21","+1.81","+13.1","+3.69","-3.02","+8.96","200","188","188","183.5","281.5","1.07","-2.49","+0.12","-0.44"
="3419","譁裕","24.85","-9.96","-17.9","-15.8","-21.9","-8.13","+57.8","+55.3","+28.1","+42.4","15.75","13.6","13.6","13.6","32.4","-0.48","0.14","-0.22","-0.51"
="3434","哲固","18.8","-1.05","+5.62","+12.6","+10.9","+17.9","+12.6","+35.7","+34.3","+29.7","15.05","13.15","12.8","12.65","21.25","0.44","0.23","+1.03","+1.12"
="3443","創意","595","+0.51","+1.02","+2.59","+6.25","-0.5","+0.17","+31.6","+69","+83.1","552","429","342.5","301","639","19.1","16.4","+2.61","+3.21"
="3444","利機","72","-6.86","-9.09","0","+1.84","+35.6","+75.2","+94.6","+91.7","+104","40.85","36.9","35.45","31.5","79.2","0.79","3.71","-0.7","-14.3"
="3455","由田","70.5","-2.89","-3.03","+0.43","-2.35","-0.84","+11.2","+23.3","+17.9","+20.3","63.5","51.7","51.7","50.6","76.5","14.7","18.9","+0.14","+0.04"
="3466","致振","16.35","-3.25","-1.51","+2.83","-4.66","-2.1","-8.15","+26.7","+34.6","+26.3","15","12.65","11.3","10","21.15","28.6","15.1","-0.4","-0.8"
="3483","力致","101","-1.94","+2.96","+10.6","+4.12","+18.4","+36.9","+18.4","+10","+46.4","72.6","67.1","67.1","60.2","139","1.51","1.46","+0.61","+0.07"
="3484","崧騰","76.7","-1.79","-0.39","+0.39","-2.54","+8.64","+14","-1.03","+11.2","+34.1","67.3","60.5","60.5","51.3","87.5","-2.63","-2.95","+0.08","0"
="3490","單井","32.55","-2.69","-0.46","+1.72","+1.88","+0.46","+21","+29.4","+30.5","+3.01","26.55","22.6","22.6","20.25","38.6","-0.88","1.64","+0.06","-0.06"
="3491","昇達科","160","0","-4.76","-5.88","-8.57","-2.44","+21.2","+125","+140","+117","132.5","70.4","64.9","58.6","188","1.1","0.86","+2.2","+0.46"
="3499","環天科","19.4","-9.77","-10.8","-2.02","+3.47","+30.2","+43.7","+50.4","+45.3","+65.1","13.1","11.8","11.8","10.8","23.25","0","-0.06","+2.07","-2.8"
="3504","揚明光","123","-1.99","-1.2","+2.07","-3.15","-12.5","-9.56","+6.03","+60.6","+101","116","96.1","72","53","154","-5.77","-0.22","-0.96","-2.31"
="3508","位速","51","-9.73","-3.59","+3.87","-2.11","-4.67","+45.7","+156","+127","+146","32.35","18.5","18.5","18","60","-7.58","-5.81","+1.61","-0.57"
="3515","華擎","246.5","-1.4","+3.14","+9.07","+4.45","-0.6","+38.9","+78","+48.9","+46.7","174","137.5","125","125","260.5","3.63","3.95","+1.08","+1.66"
="3526","凡甲","171.5","-2","+4.26","+5.21","+0.88","-0.29","-0.58","-7.55","+23.4","+101","155","137.5","136.5","79.4","227","3.36","3.5","+0.07","+0.88"
="3529","力旺","2060","-0.96","-4.19","-5.94","-4.19","-16.8","-11.6","+27.2","+109","+249","2010","1570","969","570","2520","-3.72","-3.63","-3.66","-5.29"
="3532","台勝科","257","-2.65","+2.8","+6.2","+9.83","+35.3","+53.4","+41.2","+46","+77.2","160","138.5","138.5","124.5","266","2.75","1.45","+2.96","+2.25"
="3533","嘉澤","672","0","-2.18","-3.45","-2.61","-0.3","+15.5","+25.8","+17.3","+48.2","573","514","490","445","721","-9.99","4.08","-3.36","-1.13"
="3535","晶彩科","19.35","-2.52","+1.84","+9.63","+5.74","+5.45","+15.9","+20.9","+12.5","-5.84","16.5","15.3","15.3","14.8","24","4.73","3.61","+1.13","+0.77"
="3551","世禾","69","-1.43","-0.86","-0.86","-10","-1","-3.77","+8.15","+30.9","+27.1","67.1","59.1","51.7","45.05","79.6","-17.5","-20.2","-0.09","-0.36"
="3576","聯合再生","20.45","-2.15","-3.54","0","-5.54","-5.98","-19.2","-4.88","+53.8","+40.1","20","19","12","11.2","26.25","-15","-6.76","0","0"
="3581","博磊","29.05","-2.19","-3.17","-2.68","+3.57","+2.65","+12.8","+13.7","+17.8","+40","25.4","22.3","22.3","20.7","35.3","1.48","0.19","-0.04","-0.05"
="3583","辛耘","79.3","-2.22","-1.86","+0.51","-6.15","+0.38","+9.38","+17.7","+29.2","+16.6","71.9","62.2","58.1","51.8","87.5","0.99","-5.22","-0.79","-1.29"
="3587","閎康","132.5","-2.21","-1.12","+0.38","-4.33","-3.99","-5.36","-15.6","+8.61","+45.3","129.5","129.5","119","83.1","168","7.11","6","-0.05","+0.34"
="3588","通嘉","157","-6.82","-6.82","+2.28","+4.32","-0.63","+16.3","+16.3","+84.7","+241","128.5","106.5","80.2","44.5","174.5","-7.18","-4.67","-1.71","+0.02"
="3591","艾笛森","22.5","-2.6","-1.75","+2.51","+1.35","+2.97","+4.65","-4.26","+13.1","+45.2","20.8","17.65","17.65","14.6","31.5","17.1","11.8","+0.45","+0.19"
="3596","智易","108","-2.26","-1.82","+2.37","+0.47","-4","+5.37","+20.1","+8","+10.9","103","87.5","87.2","83.6","128","-4.39","6.13","+0.56","-0.11"
="3605","宏致","50.8","-2.12","+2.01","+3.99","+0.59","+2.21","+7.86","-2.68","+9.6","+60.8","46.05","40.4","40.4","30.75","65.8","-3.64","-0.85","+0.28","+0.23"
="3607","谷崧","14.65","-2.33","+1.03","+3.9","-2.01","+2.09","+8.12","+7.72","-0.34","+2.45","13.65","12.35","12.35","12","20.35","30.1","8.07","-0.08","-2.16"
="3624","光頡","50.1","-4.39","-2.91","+6.71","+3.73","+18.7","+24","+14.4","+57.1","+62.7","40.6","34.15","29.85","26.05","56.9","-4.81","-2.06","+0.4","+0.35"
="3625","西勝","24.5","-3.73","-6.49","-7.89","-1.8","+4.48","+7.69","-2.2","+14.2","+35.4","21.9","18.8","18.8","16.1","32.85","-11.2","-7.64","-3.49","+0.28"
="3653","健策","441","+0.34","+0.46","+4.01","+6.27","+11.4","+8.49","+43.6","+56.4","+58.6","373","285.5","276.5","202","447.5","11.9","13.4","+1.86","+4.79"
="3661","世芯-KY","1015","+2.53","-0.49","+0.5","+2.94","-13.6","-13.2","+39","+79","+61.9","890","715","519","363.5","1325","-3.73","0.33","-0.12","-2.57"
="3665","貿聯-KY","250","-1.96","-3.29","-1.19","-2.91","-2.72","-4.58","+6.16","+5.04","+1.83","247","221","208","206","325","-29.5","-21.7","+0.1","-0.55"
="3672","康聯訊","34.9","-8.16","-6.18","-5.03","-4.9","+41.3","+47.9","+148","+135","+57.6","22.95","14","13.4","13.4","39.5","-2.63","-1.34","-2.84","-3.3"
="3675","德微","255","-3.41","-2.3","+0.39","+6.25","+3.24","-5.9","+44.9","+142","+246","227.5","154","98","64.5","309","1.94","4.65","-1.45","+7.2"
="3680","家登","303","+1.17","+2.36","+12.4","+18.6","+18.6","+24.4","+24.2","+14.6","+5.57","241","208","208","208","383.5","11.6","10.1","-2.07","-3.73"
="3682","亞太電","8.22","-1.91","+0.49","0","-3.18","-2.26","-0.72","-0.48","-10.4","-15.3","8.15","7.98","7.96","7.5","10.95","7.3","0.38","0","0"
="3685","元創精密","37.8","-5.85","+1.07","+1.61","-5.62","-3.32","+18.1","+59.5","+38.5","+97.4","31.7","21.2","21.2","18.2","47.5","-5.83","-0.13","-0.23","-0.57"
="3687","歐買尬","111","-1.33","+3.74","+8.82","+4.23","+0.91","+0.91","+8.29","+35.4","+131","99.5","83","77.5","44.3","153","10.4","5.36","+0.68","+0.57"
="3689","湧德","42.55","-0.23","-1.28","+1.07","-2.96","-2.07","-7.7","-13.9","+44.2","+20.2","41.2","39.9","27.8","24.6","54.7","5.5","-2.09","+0.81","+1.81"
="3701","大眾控","86.4","-6.59","-1.03","+8.82","+16.3","+46.9","+54","+292","+502","+567","52.6","22.6","13.4","12.8","94.5","2.27","0.85","+0.45","+18.6"
="3702","大聯大","50.1","-0.6","-0.4","+0.3","-0.99","0","-3.65","+5.03","-2.34","+20.4","49.2","46.85","46.55","41.1","61","-6.03","-15.9","+0.01","+0.12"
="3703","欣陸","25.35","+0.6","+0.6","+1.4","-1.55","-0.39","+1.81","+5.63","+1.4","+11.2","24.25","22.6","21.75","18.55","30","6.09","-14.8","0","-0.3"
="3706","神達","31.7","-1.4","-0.94","0","-3.65","-1.25","+10.3","+12","+10.6","+7.09","28.7","27.35","26.85","25.3","35","-17.1","0","-0.17","+0.01"
="3707","漢磊","156","+5.41","+4","+5.05","+7.22","-0.64","+1.3","+47.2","+115","+378","137","92.3","67.4","33.15","173.5","1.5","-2.27","+3.51","+3.58"
="3711","日月光投控","105","+0.96","+2.94","+3.96","+0.96","-0.94","+6.28","-16.3","-6.25","+35.8","97.6","92.2","92.2","76.3","133.5","-16.9","-18.5","+0.06","-0.86"
="3712","永崴投控","30.55","-2.24","-2.86","-1.61","-5.42","-8.53","-11.1","-3.78","+4.27","-21.5","30.15","29.75","27.85","23.6","42.9","-9.18","-14.6","-0.07","-0.22"
="4108","懷特","22.6","-1.74","-0.44","-2.59","-5.83","-2.16","+1.57","+4.39","-9.6","-7.76","21.85","21.2","19.85","19.85","30.95","2.79","4.29","+0.01","0"
="4123","晟德","61.7","+0.98","-1.28","+0.98","-0.48","-2.83","-5.8","-14.9","-14.7","-7.08","60.6","55.5","55.5","55.5","75","-6.71","-11.5","-0.05","+0.06"
="4127","天良","13.3","+5.14","+5.56","+3.1","+12.7","+11.8","+16.7","+8.57","+19.8","+18.8","11.15","10.7","10.2","9.81","13.6","1.74","1.33","",""
="4128","中天","63.5","-0.63","-2.31","+0.79","-8.37","-0.63","+1.28","+14.6","+11","-9.03","57.1","50.2","50.2","50.2","82.5","-0.93","-2.45","-2.25","-0.24"
="4141","龍燈-KY","21.55","-1.82","-1.6","+3.86","+1.89","+3.86","+1.65","+60.2","+77.4","+67.7","19.85","13.35","11.45","11.05","30","-2.84","-7.31","+0.63","-0.43"
="4147","中裕","69.4","+0.58","-0.14","+0.29","-3.74","+2.51","+5.95","+7.26","-2.25","-19.8","65.2","61.1","61","59.2","89.8","11.8","4.23","0","-0.14"
="4162","智擎","63.6","+5.3","+10.4","+12.6","+8.72","+12.2","+9.28","+2.09","-7.56","+4.26","56","53.2","53.2","47.4","84.6","14.3","0.48","+0.35","+0.29"
="4303","信立","29.2","+0.69","+1.57","+2.1","-1.02","+19.2","+56.1","+80.2","+58.7","+27","18.6","15.85","15.85","15.85","31.45","-3.97","1.39","+0.06","-0.23"
="4306","炎洲","15","-0.99","-0.33","0","-1.96","-1.96","-0.66","-14","-21.1","-11.8","14.85","14.85","14.85","13.9","20.8","-19.4","-18","-0.01","+0.02"
="4406","新昕纖","11.95","+0.42","+1.7","+1.27","+3.02","+2.58","0","+16","+9.63","+47.5","11.25","9.86","9.3","7.61","15.5","1.17","-1.79","-0.16","-0.06"
="4513","福裕","14.05","-2.77","-1.75","-0.71","-3.77","-10.8","-5.07","+47.1","+40.8","+59.7","13.35","9.28","9.28","8.18","17","15.3","12.7","+0.29","-4.54"
="4532","瑞智","19.25","+1.05","+1.32","+3.49","+2.12","+0.52","+2.67","-2.53","-6.55","-10.5","18.3","17.75","17.75","17.75","26","-4.19","-15","-0.1","-0.1"
="4534","慶騰","13","-0.76","+1.96","+4.42","+0.39","+1.56","+3.59","+0.39","-3.7","+52.2","11.2","10.85","10.85","8.23","17.7","3.04","4.05","+0.02","-0.13"
="4707","磐亞","12.4","-0.4","-0.8","-0.4","-2.75","-2.75","-0.8","-5.34","-11.1","+7.83","12.25","12.25","12.25","10.6","15.65","-15.7","-20.4","-0.08","-0.02"
="4711","永純","19.5","-1.76","-1.02","+1.04","-2.99","-2.74","+1.3","+10.5","+0.52","+38.3","18.65","17.2","16.8","13.8","25.3","-2.28","-0.87","-0.23","-1.6"
="4714","永捷","14","-2.78","-1.41","0","-5.08","-3.45","+1.45","+8.53","+7.69","+7.69","13.65","12.3","11.75","11.15","16.15","-14.2","3.73","+0.06","-0.14"
="4721","美琪瑪","149.5","-6.56","-5.68","-6.56","-7.72","-12.6","-11","+19.1","+141","+137","148","102","59.2","50","184.5","-6.49","-0.07","+6.81","+6.59"
="4722","國精化","42.05","-2.77","-2.55","-2.55","-2.89","-0.71","+2.56","+11.1","+23.5","+47.8","41","37.1","32.85","28","49","5.32","4.03","+0.83","+1.51"
="4736","泰博","173","+0.29","+0.29","-1.7","+1.17","+2.37","-0.57","-17.8","-19.5","-19.2","164","163","163","156.5","240","-22.8","-5.37","-0.27","0"
="4739","康普","139","-4.47","-3.81","-4.47","-4.47","-10.6","-9.74","+21.9","+77.7","+132","136.5","98.2","75.6","57.7","176.5","-13","-0.8","-0.95","-2.14"
="4743","合一","289.5","+0.17","-2.69","+5.08","-2.85","+2.48","+4.32","+51.6","+41.6","+8.22","236.5","165","165","165","338","1.72","1.06","",""
="4755","三福化","81.8","-1.09","+2.12","+2.25","-0.61","0","+16","+31.1","+29.8","+20.6","70.2","61.7","59.6","56.2","96.9","-5.61","1.59","-0.62","-0.72"
="4903","聯光通","13.25","-4.68","-6.69","-1.85","+2.32","+9.05","+33.8","+72.1","+82.5","+55.9","10.85","7.62","6.72","6.72","14.6","-0.77","0.03","",""
="4904","遠傳","63.4","+0.79","+3.09","+1.44","0","-2.46","+2.76","+4.62","-2.91","+4.45","61.2","60.3","60","59.8","66.8","-5.31","-2.7","0","0"
="4906","正文","27.25","-1.27","0","+0.74","-1.8","-5.55","0","+4.41","-9.77","-9.47","26.25","24.25","24.25","24.25","36.95","0.59","-3.81","+0.3","-1.62"
="4915","致伸","53.6","-2.72","+1.52","+2.88","0","-6.46","+6.35","+2.49","+2.49","+9.84","49.55","48.75","47.8","46.35","67","-19.9","-19.4","+0.49","+1.41"
="4916","事欣科","30.85","-3.59","-6.52","-1.91","-6.8","-2.83","-2.06","+19.1","+31.8","+24.6","29.5","22.55","22.55","20","39.55","-2.36","-1.14","-2.18","+1.44"
="4919","新唐","152","-6.46","-2.25","-2.56","+9.35","+8.96","+18.8","-4.4","+77.4","+227","120","115","75.4","41.7","175","-2.39","0.84","-0.87","+1.29"
="4927","泰鼎-KY","98.3","-4.56","-13.8","-5.48","-1.7","-4.56","+28.8","+43.3","+74.6","+19","76.2","64.5","53.5","44.55","114","0.06","1.34","-1.03","-0.98"
="4934","太極","33.15","-2.07","-2.79","-0.9","-7.01","-9.43","-10.4","-3.07","+38.1","+19.2","32.45","31.05","22.9","20.7","42","-8.51","-1.96","0","0"
="4938","和碩","66.4","-0.75","-0.3","-0.9","-2.06","-2.78","-4.18","+2.95","-9.66","0","66.2","63.7","63.5","63.5","84.5","-22.2","-23","+1.22","+1.25"
="4952","凌通","71.7","-3.63","-2.71","-1.38","-1.38","-6.88","+8.97","-3.63","+37.1","+73.6","63.7","57.3","50.5","37.35","96.9","-6.18","4.8","-0.19","-0.44"
="4956","光鋐","26.9","-1.47","+3.26","+5.91","-0.74","+9.8","+15","+4.87","+14.2","+40.1","23.2","20.3","20.3","18.1","33.45","-2.47","-1.85","+2.15","+1.85"
="4958","臻鼎-KY","98","-1.51","0","-0.41","-3.45","-2","-0.1","-0.1","+0.72","-20","97.4","90.2","90.2","84","129.5","-19.1","-15.9","+0.03","+0.07"
="4960","誠美材","12.3","-2.77","-2.38","-1.6","-5.75","-8.89","+0.82","+8.37","0","+13.9","12.1","10","10","10","16","-22.6","-11.5","-0.07","-0.18"
="4966","譜瑞-KY","2090","-0.24","-1.88","+0.48","+1.7","-1.65","+16.8","+11.5","+41.2","+104","1775","1520","1360","1030","2240","-7.21","-9.18","-0.25","+3.11"
="4971","IET-KY","74.7","-3.74","-3.61","-2.1","-6.27","-10.3","+5.51","+25.5","+31.1","+42.6","70.2","55.5","49.8","44.45","89.5","-4.17","3.84","+0.04","+0.04"
="4989","榮科","48.8","+0.21","0","+4.5","","","+14","+11.8","+23.5","+135","41.8","37.05","37","18.7","59.9","-1.28","-1.24","+1.26","+1.26"
="5009","榮剛","21.2","-0.24","+1.19","+1.92","-2.75","-0.24","+0.24","-20.5","-5.57","+30.1","20.55","20.55","19.55","15.15","29.75","3.94","-1.77","-0.01","-0.07"
="5011","久陽","40","+9.89","+20.8","+24.8","+17.6","+25","+25.2","+49","+51.5","+30.5","30.55","23.6","23.6","20.8","46.45","2.23","1.53","+1.18","+0.69"
="5014","建錩","21.1","0","+1.44","+1.44","-7.25","-3.43","+3.69","-14.7","+17.9","+67.5","20.2","19.6","16.65","12.35","30","0.26","-16.3","-1.53","-1.75"
="5230","雷笛克光學","34.6","-0.14","-1.98","-0.72","-4.29","-3.62","+19.5","+15.7","+23.1","+28.4","28.45","27.7","27.55","23.8","38.7","1.57","0.18","+0.07","-1.53"
="5234","達興材料","116","0","+0.87","+3.57","+0.43","+1.75","+26.4","+29.2","+29.8","+37.4","91.5","85.5","84","81.9","122","29.1","27.4","-0.06","-0.19"
="5243","乙盛-KY","67.6","-2.17","-1.6","-0.15","-2.03","-8.03","+0.3","+16.2","+11.2","+54.7","64","54.5","54.5","41.8","84","-19","-6.39","0","-0.15"
="5258","虹堡","33.3","-3.48","+2.15","+2.94","-0.6","-2.77","-2.92","+18.5","+52.4","+42.6","30.3","24.4","19.85","17.8","38.15","2.48","5.39","+0.08","+0.17"
="5263","智崴","128","-5.19","-4.48","-3.76","-11.4","-15","+2.4","+5.35","-12.3","+4.92","119.5","106","106","97.8","170.5","-9.93","2.08","-0.05","-0.44"
="5269","祥碩","2015","+0.75","+3.6","+8.63","+11.3","+9.21","+22.9","-11.8","+40.9","+21.8","1595","1440","1310","955","2455","19.5","17.4","+4.55","+5.77"
="5272","笙科","39.6","-4.58","0","+2.06","-0.5","-2.34","+10.3","+2.59","+27.1","+112","35.8","30.1","28.95","18.6","46.9","2.06","11.9","+0.61","-0.36"
="5285","界霖","105.5","-4.52","-2.31","-1.4","-3.21","-9.44","-12.8","-2.31","+37.9","+89.1","101","83.2","76.3","55.5","143.5","-24.2","-10.1","+0.15","+0.23"
="5299","杰力","193","-1.28","+1.31","+3.21","+2.93","-2.03","+6.93","-1.53","+26.6","+67.8","176","158","146.5","110.5","265","-4.69","-3.99","+0.08","+0.12"
="5309","系統電","43.05","-0.81","-0.81","+1.89","-4.23","-2.38","+16","+34.5","+43","-15.1","36.9","29.8","28.2","23.9","55.5","-2.13","-0.54","",""
="5312","寶島科","60.8","-3.34","-1.14","-5.59","+3.75","+3.4","+5.01","+3.23","-1.94","+1","57.8","57.1","57.1","57.1","69.9","-11.4","-12.2","0","0"
="5315","光聯","17.55","-1.68","-1.4","+0.29","-3.57","+3.85","+11.8","+10","-9.07","+12.1","15.65","14.2","14.2","14.2","21.85","0.74","0.62","-0.03","-0.47"
="5328","華容","14.6","-1.35","+0.69","+2.46","-2.67","-2.34","-2.67","-8.75","+4.66","+49","13.8","13.65","12.7","9.84","19.7","5","-11","+0.81","+1.02"
="5344","立衛","26.05","-5.62","+3.78","+14","+5.89","+0.39","+37.1","+44.7","+76","+68.1","17.6","13.2","13.2","12","31.3","-3.31","-0.99","",""
="5347","世界","165","+4.76","+6.45","+10.4","+8.91","+5.77","+4.43","+7.84","+43.5","+51.4","143","136","110","98.5","177","23.2","16.7","+3.13","+3.18"
="5351","鈺創","84.2","-6.44","-3.55","-1.52","-2.77","-7.98","+17.3","+89.6","+224","+293","68.1","37.1","24.95","19.7","104","-7.35","-2.51","-0.66","-0.5"
="5356","協益","28.7","+9.96","+11.7","+11.7","+10.8","+10.8","+9.96","+8.92","-1.71","+4.36","25.6","25.6","25.55","25.55","32.45","1.28","1.08","+0.04","+0.04"
="5371","中光電","80.7","-3.58","+1.51","+2.41","-1.94","-9.43","+22.3","+47","+34.5","+125","64.5","52.1","52.1","35.1","96","-13.8","-7.4","-0.41","-2.83"
="5383","金利","40.5","-4.59","-0.25","+4.79","+15.2","+33","+30.6","+43.6","+73.8","+87.9","29.4","25.9","21.75","19.2","43.85","3.14","3.21","",""
="5388","中磊","66.4","-0.15","+1.07","+1.53","-1.19","-3.21","+3.59","+2","+0.3","-16.3","63.6","59.7","59.7","59.1","83","9.75","-2.01","+0.11","+0.12"
="5410","國眾","25.25","-5.78","-3.63","+1","+4.55","+2.02","+11.5","+13.5","+8.84","+16.4","22.7","21.9","21.4","20.3","28.4","-0.85","-0.83","+0.85","+0.85"
="5425","台半","75","-2.47","-2.98","-3.35","-4.21","-7.29","-12.1","+8.7","+51.8","+36.1","73.1","56","47.1","38.55","105","-16.5","-2.36","-1.69","-0.68"
="5426","振發","12.1","-1.63","-2.81","-4.35","+2.98","+0.83","-0.82","+19.8","+16.3","+14.7","11.4","10","9.96","9.25","14.9","-1.76","-0.23","-0.06","+0.07"
="5439","高技","60.1","-2.28","-3.38","-2.59","-3.53","-7.11","-5.65","-16.3","+3.62","+18.5","59.4","57.7","56.5","47","76.2","-20.2","-17.5","-0.57","-0.36"
="5469","瀚宇博","44.6","-1.33","+0.11","+0.68","-1.98","-3.88","+4.57","+6.19","-0.11","-2.09","42.85","37.9","37.9","37.9","54","-7.23","9.56","-0.05","-0.12"
="5471","松翰","94.6","-1.97","+2.27","+4.19","+3.96","-1.46","+10.4","+0.96","+2.05","+37.7","85.7","78.1","78.1","62.7","119","1.58","2.83","+0.16","0"
="5483","中美晶","205","-0.73","-0.97","0","-3.53","+4.59","+7.05","+8.18","+18.5","+33.1","189","168","160","140","225","-2.45","-7.08","+0.39","+0.25"
="5488","松普","8.93","-4.29","-5.6","+3.84","-2.51","+10.8","+12.3","+6.95","+12.9","+32.1","7.9","7.53","7.5","6.28","11","0.15","0.05","",""
="5512","力麒","9.35","-0.85","-0.32","+0.97","-1.06","-0.32","+2.3","+0.86","-5.65","-11.4","9.15","8.81","8.7","8.7","11.8","36.1","19","-0.01","+0.14"
="5522","遠雄","64.6","-1.82","0","-0.62","-2.42","-4.86","-6.1","+1.89","+16.4","+20.1","64","56","51.9","49.1","69.8","-19.4","-19.1","-2.42","-2.33"
="5529","鉅陞","17.95","-2.18","+7.49","+7.49","+6.53","+5.28","+3.76","+8.79","-5.03","+147","16.6","15.85","15.85","7.19","22.7","-0.48","-0.73","",""
="5607","遠雄港","57.6","-3.52","+4.54","+7.46","+5.3","+6.08","+13.6","+47.7","+58.7","+95.9","50.4","36.2","33.6","25.7","60","-6.82","-2.35","-2.48","-2.49"
="5820","日盛金","12.35","-0.4","-0.4","0","0","0","-4.63","-4.26","-4.26","+19.3","12.3","12.3","12.3","10","13","31.7","14.9","0","0"
="5871","中租-KY","253.5","+1","+2.63","+4.75","+2.63","0","-5.94","-2.31","+23.1","+57","239.5","223","196","150.5","283.5","2","-7.36","-0.01","-0.18"
="5876","上海商銀","47","+0.97","+1.4","+2.73","-0.42","+0.64","+5.86","+7.43","+2.84","+17.8","43.8","42.6","40.2","37.4","48.15","4.21","-8.66","+0.15","+0.21"
="5880","合庫金","23.9","+0.21","+0.63","+1.49","0","0","+4.82","+8.39","+13","+18.3","22.65","21.6","20.8","19.15","23.95","-0.23","-1.53","+0.22","+1.45"
="6005","群益證","16.2","-0.31","+0.31","+0.62","-2.7","-3.57","+6.23","+3.18","-8.73","+32.8","15.1","14.5","14.5","12.15","19.6","-13.5","-8.35","-0.36","-0.23"
="6016","康和證","14.05","-0.35","-0.35","+2.55","-1.06","-1.4","+17.1","+11.1","-20.8","+37.7","11.95","11.1","11.1","10.1","19.65","20.9","11.7","+0.24","+0.16"
="6026","福邦證","16.85","0","+0.3","+3.37","-1.75","-2.32","+6.65","+18.2","-6.39","+95.7","15.5","13.05","13","8.6","21.85","19.3","1.21","+0.51","+0.94"
="6104","創惟","185.5","-4.38","+1.64","+0.27","+2.49","-2.37","+30.6","+17.8","+203","+151","131.5","112","58.8","48","204.5","-5.53","-0.06","-1.81","-0.32"
="6118","建達","27.25","-9.02","-1.98","+7.71","-2.15","-4.05","+68.2","+96.8","+112","+135","15","12.5","12.3","10.9","31.65","-3.38","-1.77","-3.7","-16.4"
="6121","新普","330","+0.61","+0.76","+2.01","+2.17","+2.96","+10","+5.1","-8.97","-1.93","283.5","273.5","273.5","273.5","397.5","9.92","2.27","+0.02","-0.02"
="6125","廣運","26","-1.52","-1.52","-0.95","-2.8","-5.28","-2.26","-3.17","+13","-8.61","25.2","24.1","21.45","19","31.35","-3.86","-8.73","-0.14","-0.48"
="6126","信音","28.2","-3.59","+2.55","+5.62","+2.55","-1.23","+9.51","+13.7","+13.5","+16","25.9","23.4","22.15","21.15","34.95","1.73","-0.01","+0.06","-0.12"
="6127","九豪","27.1","0","+5.65","+7.97","+3.04","+4.43","+9.27","-5.41","+2.65","+24","24.1","21.7","21.7","20.4","37.25","0.23","0.87","-0.01","+0.14"
="6136","富爾特","18.45","-0.27","-0.54","+0.54","-3.15","-5.38","+7.58","+8.85","+5.13","+4.83","17.1","16.6","16.6","16.6","22.85","-2.99","-0.2","0","-0.11"
="6138","茂達","254","-5.22","-1.36","-0.78","+4.74","+6.5","+37.3","+39.9","+77.6","+192","173","140.5","134.5","78.2","278.5","-2.13","-2.26","-0.24","-2.26"
="6140","訊達","20.7","-0.72","-3.72","-2.36","-10.2","+2.99","+30.6","+37.1","+48.4","-1.43","15.7","14.5","13.05","12.35","25.8","-1.02","0.4","-0.63","-1.37"
="6143","振曜","55","-1.79","-3.17","-0.54","-5.5","-5.5","-0.54","+2.8","+20.2","+49.9","52.9","47.1","40.6","36.25","66.3","-21.4","-2.37","-0.25","-0.14"
="6147","頎邦","67.8","-0.15","+1.19","+1.8","+0.89","+0.89","+6.6","-14.6","-0.73","+3.04","63.8","60.3","60.3","60.3","88.3","-10.2","-8.74","-0.21","-0.05"
="6150","撼訊","183.5","+3.67","+4.56","+14","+13.6","+17.3","+25.7","+27.4","+5.76","+89","145.5","114.5","114.5","82.3","245","1.4","1.37","-5.47","-5.72"
="6152","百一","11.7","+9.86","+10.4","+10.9","+4.46","+0.43","+30.7","+35.1","+8.33","-4.49","8.82","7.86","7.86","7.86","14.55","0.17","1.13","0","0"
="6163","華電網","20","-1.96","-0.99","-0.99","-2.44","-4.99","-3.15","+7.82","+6.95","+29","19.5","18.25","16.35","14.8","23.2","-3.41","-0.22","-0.5","+0.14"
="6167","久正","12.85","+0.39","0","-2.65","-9.19","+26.6","+38.2","+43.7","+51","+77.2","9.28","8.41","8.26","7","15","2.1","0.24","",""
="6168","宏齊","27.05","-2.52","-0.92","+3.44","-2.35","+0.74","-6.08","-4.92","+28.8","+72.3","25","21.6","20.45","15","36.75","15.8","12.3","-0.05","+0.17"
="6170","統振","44","-0.9","-2.87","-1.57","-6.08","-8.9","-17","+13.3","+76.7","+123","42.5","36.2","23","16.6","56.4","-23.6","-6.75","-2.09","-3.19"
="6173","信昌電","61.8","-1.59","+0.32","+0.82","-1.9","-1.9","+16.2","+2.49","+0.65","-4.63","54.4","49.75","49.75","49.75","80.4","8.96","8.68","-0.34","-0.6"
="6174","安碁","34","-4.09","-1.31","+1.95","+2.41","-2.72","+29","+31","+93.7","+193","26.65","22.25","16.75","11.4","38","-12.7","-2.82","-0.8","+0.22"
="6175","立敦","48.15","-0.93","-2.92","+4.11","+0.52","+7.72","+11.6","-1.33","+33.4","+71","41.8","39.05","34.2","26.65","59.6","-1.6","-6.03","+1.87","+0.44"
="6176","瑞儀","97.4","+0.31","+1.46","+0.93","-0.81","-3.08","+1.35","-0.61","-18.2","-17.8","95.1","88.3","88.3","88.3","132.5","-19.8","-16.7","-0.02","-0.32"
="6177","達麗","30.25","+0.67","+1.51","+2.54","+0.83","+0.33","+0.33","-5.47","+3.42","-2.1","29.45","29.45","28.1","26","33.4","6.97","-4.97","0","0"
="6179","亞通","32.9","-0.3","+6.47","+7.17","+2.81","+5.96","+13.4","+13.6","+1.08","-0.45","28.85","28.35","27.75","27.25","41.8","6.67","2.81","+0.14","+0.15"
="6180","橘子","60.8","-0.33","+1.33","+3.05","+0.66","-0.16","+4.65","+2.36","-3.95","-9.93","57.9","53.8","53.8","53.8","72.4","5.88","9.03","-0.05","+1.52"
="6182","合晶","85.4","-1.5","+4.4","+0.59","+7.15","+26.1","+30.4","+24.1","+62","+121","63.4","54.5","49.3","37.6","88.4","1.17","0.15","-0.6","+2.66"
="6185","幃翔","13.6","+1.49","+3.82","+4.21","+3.42","+2.64","+1.12","-1.81","+3.42","-2.16","12.9","12.7","12.55","11.5","16.35","0.06","-0.06","-0.01","+0.07"
="6188","廣明","41.75","+1.83","+5.56","+7.46","+4.51","+5.43","+6.91","+12.1","+1.71","+8.3","38.05","33.75","33.75","33.75","56.5","18.3","15.6","+0.06","+0.14"
="6190","萬泰科","34","-8.48","-9.21","-7.61","+8.45","+29","+47.2","+38.2","+35.7","+101","23.3","22.25","21.85","16.55","39.7","0.76","0.16","+23.1","+30.6"
="6191","精成科","37.7","-1.31","+0.13","+2.45","-1.69","-0.4","+5.9","+13.9","+17.6","+56.1","35.7","30","30","23.2","41","2.58","-3.15","+0.11","+0.08"
="6196","帆宣","152.5","-1.61","+0.66","+4.81","+0.99","-0.65","+30.9","+34.4","+46.6","+34.4","115","104","99","87","165","4.95","8.08","+2","+1.33"
="6202","盛群","107","-1.83","+0.94","+1.42","0","-4.89","+3.88","-14.4","+12.2","+47.6","101","100.5","92.6","70.1","151.5","5.8","0.64","-0.03","-0.16"
="6205","詮欣","55","-3.51","-0.9","+8.91","+11","+11.8","+30.6","+81.5","+78","+10.4","39.25","29.6","28.5","27.15","57.8","-5.48","-3.95","+2.45","+0.47"
="6206","飛捷","70.7","-0.7","-2.08","+1","+0.14","+1.29","-2.62","+7.12","+9.44","+13.7","68.1","63.4","61.4","58.6","75","-2.74","-5.96","0","0"
="6208","日揚","51.4","-3.38","+0.39","+2.39","-4.28","+0.39","+9.36","+25.4","+28.5","+35.1","45.5","40.05","39","35.65","56.9","19.9","0.2","-0.03","-2.28"
="6209","今國光","32.55","-3.7","-3.7","-1.66","-6.6","-8.57","+10.5","+5.68","-3.98","-13.4","29.05","24.55","24.55","24.55","46.45","-2.28","5.61","-0.41","-1.25"
="6213","聯茂","128","-1.16","+0.79","+2.4","-1.54","+0.39","0","-8.57","+2.81","-5.19","123","123","120","106","170.5","4.68","-1.14","-0.07","0"
="6215","和椿","30.95","-2.67","-1.43","+0.65","-5.21","-0.8","+10.1","-2.06","+37.6","+88.7","28.1","25.1","22.05","15.45","39.9","17.9","-7.94","-0.12","-0.47"
="6217","中探針","51.8","-4.25","-4.78","-5.47","-5.47","-9.12","-12.5","+16.4","+45.9","+49.7","51.7","42.05","34.1","28.85","65.3","-16.5","-4.48","-20.4","-21.9"
="6226","光鼎","15.2","-3.8","-0.33","+4.47","+0.33","+0.33","+10.1","-1.94","+65.8","+76.7","13.85","11.9","8.6","7.6","20.3","4.43","5.28","+2.67","+2.4"
="6227","茂綸","37.3","-1.32","+0.67","+5.52","+0.81","+8.91","+26","+12.9","+25.8","+30.2","29.3","27.25","27.25","24.7","44.75","13.4","9.33","+0.59","+0.52"
="6229","研通","43.1","-3.9","-1.03","+0.12","-3.69","-7.91","+0.23","-10.4","+37.7","+58.5","41","33.4","29.4","24.8","56","-20.1","-8.91","-0.06","+0.09"
="6235","華孚","25.15","+5.23","+15.6","+27","+20.6","+32.4","+35.6","+40.1","+35.9","+50.1","18.55","15.8","15.8","15.3","26","-0.28","-0.37","+3.31","+3.3"
="6239","力成","98.1","-1.01","-1.01","+0.93","-0.71","-1.41","+1.98","-11.6","-7.89","-1.31","95.8","93.5","93.5","92","117","-13.9","-14.8","-2.45","-2.39"
="6243","迅杰","71","+9.91","+20.7","+24.3","+28.2","+58","","+233","+325","+453","41.85","15.7","15.65","12.65","71","0.72","0.4","+7.18","+5.53"
="6244","茂迪","33.3","-0.3","+0.91","-2.63","-8.26","+0.6","+1.06","+11.9","+6.9","-5.8","31","27.6","27.25","25.95","43.25","-15","-9.09","",""
="6251","定穎","22.1","-1.34","+0.68","+4.74","+1.38","+1.38","+6.25","-5.76","+9.68","+14.5","20.1","18.5","18.5","15.75","25.4","7.38","6.43","+0.13","+0.17"
="6257","矽格","59.9","-0.33","+1.01","+2.22","-1.32","-4.62","+3.1","-7.28","+15.2","+32.7","57.2","53.5","50.9","43.65","72.7","0.13","-5.32","+0.18","+0.07"
="6261","久元","83.8","-2.1","-1.64","-1.06","-5.74","-5.2","-4.23","-4.45","+3.58","+33","82.3","70.4","70.4","57.6","106.5","-19.7","-10.3","-0.56","+1.1"
="6265","方土昶","17.4","+9.78","+10.8","+12.6","+3.26","+34.4","+61.9","+43.2","+105","+156","10.8","9.64","8","6.72","17.9","-0.45","0","+0.16","-2.71"
="6269","台郡","103.5","-0.96","+0.49","+2.48","0","+1.97","+9.99","-12.3","-12.7","-15.5","94.1","92","92","92","142","-9.24","-4.27","-0.04","+0.02"
="6271","同欣電","291.5","-1.85","-4.89","-3.48","-5.36","-2.35","+7.96","+14.5","+58.9","+53","262.5","208","175","145","323.5","2.01","9.32","+1.61","+3.54"
="6274","台燿","101.5","-1.46","0","0","-0.49","+3.15","+5.73","-11.4","0","-12.9","93.2","90.6","90.6","85","139.5","-8.39","0.75","-0.33","-1.05"
="6275","元山","33.05","-3.92","-3.08","+1.07","-0.6","-5.3","+8.36","+12","+4.92","+54.1","29.95","26.5","26.5","21.15","38","-3.2","-4.31","-0.3","-3.54"
="6278","台表科","116","-2.11","-1.28","-0.85","-2.93","-5.31","+1.75","+3.11","-4.92","-10.4","109","97.1","97.1","91.1","139","-11.7","4.08","-0.03","-0.15"
="6279","胡連","131","-1.5","-2.24","+1.16","+0.77","-2.6","+1.95","+10.5","+25.4","+12.4","123","105.5","104.5","91.4","152.5","2.37","4.99","-0.54","-0.61"
="6282","康舒","32.35","-2.71","-7.57","-6.23","-5.96","-10.1","-2.27","+21.8","+20.5","+10.2","32.25","26.2","25.05","22.5","39.55","-6.4","-1.4","-1.79","-1.21"
="6285","啟碁","73.2","-1.35","-1.48","-1.88","-3.68","-3.81","-3.68","+4.13","+9.91","-12.2","72.8","68.2","64.5","58.8","84.2","-9.42","-7.45","+0.09","-0.09"
="6409","旭隼","1600","+3.9","+0.95","+0.63","0","-9.6","-4.48","+33.9","+27","+80","1510","1190","1175","851","1880","-0.02","-0.28","+0.93","+0.92"
="6411","晶焱","266.5","-4.14","-4.31","-1.66","+2.5","+0.57","+24","+62","+109","+194","206","156","122","88.8","302","0.46","2.17","+0.13","+2.19"
="6414","樺漢","238","-1.45","-2.46","+1.28","+5.54","+11.5","+23.3","+20.5","+15","+0.42","194","176","176","176","284.5","6.19","6.69","+0.15","-0.57"
="6418","詠昇","28.7","+1.77","+2.14","+12.3","+7.09","+30.5","+44.9","+126","+93.9","+97.3","18.35","12.7","12.35","12.35","29.25","0.89","0.54","+1.03","+0.85"
="6432","今展科","37.6","-6.7","-8.29","-5.65","-6.23","-1.96","+10.6","+0.13","-3.22","-0.66","33.8","31.6","31.6","31.6","49.75","-1.51","-1.14","-1.32","+0.38"
="6435","大中","147","-3.61","-2.33","-2.33","-1.01","-6.67","+10.5","+14.8","+28.9","+19.5","131.5","109","109","91.5","171","-13.1","-7.88","-0.19","-0.01"
="6438","迅得","112.5","-2.17","-0.44","+3.21","+0.45","0","+12.7","-0.44","+14.1","+36.5","99.4","92.9","92.9","77.2","129","-1.19","6.68","-0.22","-1.93"
="6443","元晶","36.05","+1.84","-0.14","+1.98","-5.26","-2.83","-2.57","+15.4","+9.57","-15","33.8","27","26.25","26.25","48.95","-1.24","-1.49","-0.71","-2.37"
="6446","藥華藥","240","+1.48","+6.43","+17.1","+23.1","+52.9","+148","+166","+177","+161","90.1","69","69","69","248","-7.86","-5.56","",""
="6456","GIS-KY","104.5","0","+4.92","+5.88","+3.47","+2.96","+6.63","-3.24","+1.46","-11.8","96","89.9","89.9","86.5","137.5","6.06","3.6","+0.02","-0.01"
="6457","紘康","206.5","-3.5","-0.96","-3.95","-11","-2.59","+21.8","+30.3","+37.7","+195","158.5","139","139","69.8","239.5","-3.57","-1.32","",""
="6485","點序","164","-1.2","+0.92","-2.38","+8.25","+3.8","+30.2","+7.89","+43.9","+441","123","100","100","28.75","191","-0.7","0.27","-2.98","-4.9"
="6488","環球晶","802","-1.35","-1.6","-2.91","-5.2","-0.74","+4.02","-6.09","-5.65","+22.8","750","708","708","600","972","-19.6","-6.62","-1.16","-2.24"
="6494","九齊","155","-3.12","-1.59","+0.65","0","-3.43","+7.64","-0.96","+32.5","+289","144","124","112","39.8","182","-13.6","-4.03","-0.68","-0.82"
="6499","益安","70.3","-1.4","-1.54","-4.48","-0.99","+5.4","+8.49","+0.14","+42","+9.67","63.6","61","49","45","86.6","0.11","0.16","-5.1","-3.09"
="6505","台塑化","97","+0.21","+1.68","-0.21","-1.42","-3.48","-5.37","+0.83","-8.49","+4.41","95.2","92.5","90.3","88.4","117.5","-25.7","-27.2","-0.12","+0.1"
="6509","聚和","64.5","-2.12","-3.44","-3.73","-6.39","-12.5","-10.4","+11","+105","+137","63.9","50.2","30","23.45","82.9","-2.67","1.25","-1.53","-1.5"
="6514","芮特-KY","55.8","-0.36","-2.96","-4.62","-1.24","+2.01","+9.63","+31.3","+21","+14.1","50.1","39.5","39.5","39.5","62.7","1.78","2.28","-0.49","-0.63"
="6530","創威","27.2","+9.9","+20.9","+24.8","+21.7","+17.5","+27.4","+45.8","+43.2","+44.7","21.2","18.45","18","16.5","27.2","2.05","1.24","+2.32","+2.3"
="6533","晶心科","561","-3.61","+1.45","+4.47","-1.06","-7.88","+11.1","+14.3","+22.2","+86.7","494","351.5","351.5","246.5","644","-3.95","-2.82","+0.7","+0.31"
="6535","順藥","35.2","-2.63","-3.56","-3.16","-8.93","-10.7","+10","+4.14","+0.86","+1.15","31.6","30.5","30.5","29.95","47.15","-0.99","-0.03","",""
="6548","長科*","97.5","-0.51","-1.61","-1.02","-2.5","-3.94","-5.34","-9.3","+56","+60.6","95.2","87","62","52","115.5","-18.2","-11.7","-1.82","-3.9"
="6568","宏觀","328","-2.09","0","+7.54","-4.09","-10.1","-4.37","+4.13","+145","+135","287.5","248.5","132","112","426.5","-17.6","-1.56","",""
="6576","逸達","98.5","-0.91","+1.34","+4.12","+2.18","+9.44","+19.7","+20.1","-4.83","-5.74","76.9","72.3","72.3","72.3","127","0.32","-3.66","",""
="6603","富強鑫","19.45","-3.23","-1.27","+2.37","0","+14.1","+15.8","+28.4","+55","+61.4","16.2","14.3","11.85","10.95","20.7","11.5","6.06","+0.59","-1.02"
="6605","帝寶","58.5","-0.68","+1.39","+1.74","+0.69","-0.68","+3.72","+2.63","+0.86","+12.5","56.5","54.4","54.4","49.7","72.6","5.73","-4.59","-0.47","-1.02"
="6643","M31","391","-1.51","0","+0.13","-0.26","-13.6","+0.39","+5.82","+8.01","+12.7","372.5","350.5","299","290","534","-3.48","-3.49","+0.04","-0.13"
="6654","天正國際","105.5","-4.52","-4.52","+2.43","-2.76","+10.1","+23","+21.3","+55.1","+99.1","84.8","79.7","64.6","53.4","113","4.37","6.67","+2.92","+2.92"
="6669","緯穎","1020","0","-2.86","0","+3.87","+3.66","+15.1","+3.66","+12.6","+52.7","844","759","759","658","1150","-3.73","-2.33","-0.56","-0.19"
="6679","鈺太","375","-1.7","-1.32","+1.49","+0.13","+2.6","+21","+2.32","+9.17","+75.2","291","273.5","273.5","194","427.5","-1.05","-0.92","-0.01","0"
="6706","惠特","205.5","-1.67","-1.91","-2.61","-0.24","-1.91","-8.67","+4.31","+23.1","+19.5","200","157","157","129.5","233","-3.1","8.96","+0.24","-0.2"
="8016","矽創","298","+1.88","+6.24","+7.39","+6.05","+1.02","+23.4","+4.75","+7.58","+115","241.5","218","218","136.5","416.5","2.12","5.54","+3.19","+2.48"
="8021","尖點","41.5","-2.01","-0.6","+2.85","+0.48","+0.36","-4.6","-0.48","+6.41","+54.6","39","35.05","35.05","25.65","49.5","7.14","10.6","+0.62","+0.92"
="8028","昇陽半導體","49.45","-2.47","-0.8","+0.41","-2.85","-4.9","+0.92","-5.45","+5.21","-14.6","47.05","44","44","37.85","66.5","5.92","-2.54","-0.11","-0.13"
="8033","雷虎","18.25","-3.44","-3.95","+1.39","-2.67","+5.49","+1.96","+43.1","+12.7","+49","16.3","12.1","12.1","11.55","23.8","-2.83","0.8","0","0"
="8039","台虹","46.7","-1.06","-1.58","-0.21","+0.54","+1.19","-0.53","-4.69","-3.01","-15.9","44.55","43.15","43.15","43.15","60.8","-7.31","-12.5","-0.07","-0.14"
="8040","九暘","77","-1.91","+7.84","+9.84","-0.9","-6.21","+22.4","+21.8","+64.9","+344","61.9","49.05","44","16.15","87.6","-1.96","-0.54","+2.84","+2.67"
="8044","網家","130.5","-2.25","-3.69","-3.69","-3.33","-10.6","-12.4","+23.1","+20.3","+48.1","130.5","105.5","98.7","77.3","157.5","-14.8","-15.6","-3.03","-5.08"
="8046","南電","590","-2.96","-5.75","+1.03","+1.9","+7.66","+12.2","+42.9","+75.9","+232","508","388.5","329.5","166.5","631","-1.47","0.55","-1.13","+0.27"
="8054","安國","63.3","-3.51","+1.44","+2.1","-5.1","-1.56","+13.6","+11.6","+35.8","+218","50.8","38.6","38.6","19.75","73.7","-8.68","-4.17","-0.27","-0.31"
="8064","東捷","20.85","-2.57","-0.24","+1.46","-4.36","-5.66","+3.73","-13.8","+18.1","+49.5","19.8","17.2","17","13.75","24.8","10.6","7.9","+0.15","+0.82"
="8069","元太","118","-3.28","-5.98","-4.07","-4.84","+10.8","+26.7","+55.7","+79.3","+177","87.3","64.2","60.7","41.85","131","0.04","1.14","-0.3","-1.12"
="8070","長華*","33.7","-1.61","-1.46","+1.35","-1.61","-2.74","-0.3","0","+1.2","+9.42","32.2","29.25","29.25","27.9","45.45","11","-0.25","-0.27","-0.25"
="8076","伍豐","30.05","-1.8","+2.91","-0.99","-4.91","-8.24","-2.91","-0.83","-0.99","+5.25","29.2","27","27","24.85","42","-2.44","-6.26","+1.59","+1.56"
="8081","致新","250.5","-1.57","-5.11","+3.94","+3.51","-1.76","+14.4","-6.36","+15.2","+54.6","220","200","200","157","301","4.98","7.42","+0.26","+0.32"
="8086","宏捷科","146","-0.34","-0.68","-0.68","-1.35","-6.41","-5.19","-16.6","+6.18","+11.5","142","129","129","107","196.5","-18.1","-14.6","-0.15","-0.16"
="8096","擎亞","13.1","-1.5","0","+1.55","-4.73","+1.16","+3.56","-4.03","+4.8","-4.03","12.55","11.75","11.75","10.35","16.4","2.92","-1.78","0","-0.2"
="8097","常珵","31.95","+8.12","+18.8","+22.4","+16.2","+26.5","+52.1","+25.8","+37.4","+167","21.15","19.8","19.8","11.75","35.2","1.04","0.12","+5.81","+5.69"
="8103","瀚荃","47.35","-3.66","-3.47","-0.63","-1.35","-9.46","+1.83","+12.7","+13.1","+47.5","46","37.75","37.75","31.3","53.7","1.66","9.67","-0.29","-2.67"
="8104","錸寶","54.8","+7.03","+9.93","+12.4","+9.93","+12.3","+14.5","+6.2","+9.6","+3.98","46.4","44.2","44.2","41.4","66.5","0.87","0.45","+2.14","+2.06"
="8111","立碁","21.7","-1.59","-0.23","+4.08","-2.03","-1.59","+18.9","+15.4","+4.58","+21.2","18.3","15.25","15.25","15.25","25.8","8.5","9.6","-0.39","-2.06"
="8112","至上","44.35","-1.33","-1.44","+1.03","-0.34","0","+1.26","+2.78","+11","+33.8","42.85","41.35","39.1","32.8","49.3","31.8","16.1","-0.01","-0.03"
="8121","越峰","54","-1.82","-2.17","-0.18","-5.1","+4.85","+22.6","+116","+230","+192","45.1","26.75","15.55","13.75","58.7","-4.99","-2.03","",""
="8150","南茂","45.7","-0.87","-0.98","+2.35","-1.19","-5.58","+0.11","-20","-1.61","+41.5","43.35","42.1","42.1","32.55","61.4","-12.9","-15.4","-1.05","-0.98"
="8155","博智","125.5","-3.46","-4.2","-5.28","-10.7","-17.2","-14.6","+6.81","+15.7","+4.15","124.5","108","94.1","85.3","160.5","-28.2","-23.7","-0.29","-0.48"
="8163","達方","48.65","+3.18","+4.62","+6.22","+5.53","+12.5","+16.4","+8.72","+13.7","+11.6","41.9","38.7","38.7","37.85","52.9","4.55","3.19","+0.61","+0.33"
="8171","天宇","52.6","+0.57","+0.96","+3.54","+1.15","-0.75","-1.5","+4.37","-5.23","+37.3","47.1","39.6","39.6","38.3","74.2","-0.08","-2.67","-0.54","-0.28"
="8182","加高","56.8","-3.89","-0.7","-2.41","-2.07","-5.33","+32.7","+13.1","+48.9","+100","42.4","40.2","36.2","26.05","64.5","-15.4","-4.49","-0.41","+0.73"
="8183","精星","69.4","+1.02","+11","+13.8","+9.29","+27.1","+41.6","+59.5","+52.9","+246","45.05","34.15","34.15","18","73","-1.25","-0.79","+3.4","+3.32"
="8201","無敵","16.9","-0.88","+0.3","+3.36","-2.59","-11.1","-4.25","+2.42","+67.3","+72.4","15.95","13.65","9.51","8.74","19.3","-2.59","-3.09","-1.47","-2.37"
="8213","志超","46.7","-0.74","+0.65","0","-2.4","-4.11","-0.85","+1.19","-3.81","+2.64","46.1","44.2","44.2","43.1","55.2","-8.49","-11.3","-0.02","0"
="8215","明基材","37.75","-3.08","-3.45","+1.89","-2.58","-1.44","+2.3","-0.66","+39.8","+43.5","35","30.1","24.5","21.15","43.5","0.5","-0.02","+0.56","-1.15"
="8255","朋程","230.5","-3.76","-5.53","-1.91","-3.56","-8.35","-16.5","+12.7","+106","+112","221.5","182.5","109.5","96.5","297","-0.79","-7.57","+0.94","-8.48"
="8261","富鼎","106.5","-2.74","-0.93","+1.43","+0.47","-5.75","+3.4","+0.47","+59.4","+140","99.7","75.2","63.6","43.1","137","-13.4","-2.24","+0.01","-0.26"
="8271","宇瞻","45.7","-0.22","+2.01","+3.63","+0.33","-2.77","+2.81","+3.28","-0.87","+12.6","42.9","39.3","39.3","37.2","58.8","1","0.76","-0.03","-0.44"
="8289","泰藝","39.95","-4.88","+4.58","+6.39","-2.44","+6.25","+28.9","+12.9","+118","+243","29.2","26.2","16.75","11.4","46.2","-0.76","-3.2","+1.16","-0.59"
="8299","群聯","458.5","+9.95","+11.3","+9.82","+7.5","+12.1","+20","+8.14","-2.13","+30.8","373.5","346.5","346.5","322","620","-11.9","-11.5","+1.22","+0.8"
="8358","金居","75.5","+0.27","-1.82","-1.05","-4.07","-3.33","+2.3","+5.01","-1.69","+65.9","73.2","62.4","62.4","41.6","92.9","-15.9","-10.4","-0.18","+0.25"
="8406","金可-KY","268.5","+0.19","+10","+20.9","+32.9","+46.3","+31.9","+25.5","+54.3","+79","176","169","168.5","129","300","10.2","9.76","+5.77","+5.74"
="8415","大國鋼","34.5","+0.44","+0.29","+2.68","-0.14","-1.57","+2.22","-13.5","0","+29.2","33.2","32.9","30.95","25.25","45.35","27.3","11.9","-0.21","-1.46"
="8422","可寧衛","238","-1.45","-3.05","-0.63","-3.84","-0.42","+10.2","+40","+35.6","+45.1","207","169.5","163.5","158","251.5","7.14","5.49","-0.19","-0.29"
="8450","霹靂","34.05","-9.92","-10.9","-9.92","-5.81","+15.8","+48.7","+44","+42.5","+39.5","22.7","22.3","22.3","20.8","40.75","-0.27","-0.27","-0.99","+2.71"
="8454","富邦媒","1630","-2.4","-8.43","-1.81","-1.51","-2.1","-8.43","+4.49","+19.4","+161","1590","1440","1295","580","2190","0.8","2.77","-0.25","+0.89"
="8464","億豐","385.5","+1.72","+1.45","-1.78","-3.99","+0.65","+2.39","-7.22","-7.11","+17.9","371.5","355","355","310","499.5","-19.4","-14","-0.13","-0.17"
="8478","東哥遊艇","107.5","-0.92","+0.94","-1.38","-8.51","+12","+34.4","+29.1","+99.8","+73.9","79","75.8","55.3","39.25","127.5","0.99","-3.42","+0.04","-0.1"
="8924","大田","154","-0.65","-0.32","-0.65","-0.96","-5.52","-15.2","-8.33","-3.14","+147","149.5","139.5","139.5","57.1","186.5","-35.6","-22.9","-1.06","-2.36"
="8996","高力","59.2","-1","-0.67","+1.89","+0.17","+4.41","+17.2","+29.1","+31.3","+4.78","48.5","40.8","40.8","38.5","61.6","33.2","34.8","0","-0.1"
="912000","晨訊科-DR","2.75","-0.72","0","+1.48","+0.36","-1.08","-1.08","+4.17","-2.83","-17.9","2.68","2.61","2.5","2.34","3.71","-0.13","0.37","0","0"
="9904","寶成","32.5","0","+1.4","-0.76","-4.27","-7.01","-3.99","-0.15","-15.6","+4.84","32.05","31.8","31.55","27.85","40.5","-40.1","-44.1","-0.48","-0.24"
="9907","統一實","12.95","-1.15","-0.38","0","-3","-3","-0.38","-7.83","-6.16","+13.6","12.9","12.75","12.75","10.05","16.9","-13.2","-22","-0.01","-0.01"
="9910","豐泰","202","-0.25","-0.74","+0.5","-3.35","-7.55","-6.26","-4.72","-13.3","+8.89","200.5","193.5","193.5","178","254.5","-15.8","-28.8","-0.73","-3.41"
="9914","美利達","300","+0.17","0","+0.67","-4.31","-1.64","+4.35","-0.99","-5.06","+21.2","279.5","252","252","222","368","-28","-29.4","+0.08","-0.22"
="9921","巨大","317","+2.42","+1.77","-0.16","+0.16","-0.16","-1.4","-3.35","-1.86","+11.2","300","288.5","288.5","258.5","376.5","-9.94","-7.05","-0.07","-0.24"
="9933","中鼎","35.85","-0.55","+0.28","-0.55","-1.51","-3.5","-2.05","-0.97","-5.66","-7.96","35.6","35.05","35.05","34.9","41.55","-53.8","-45.5","0","0"
="9938","百和","77.6","0","-0.26","-0.64","-4.2","-5.13","-8.6","-6.62","-24.3","+4.44","76.1","75.4","75.4","70.2","109","-20","-22.6","+0.04","+0.15"
="9944","新麗","23.5","+0.86","+1.29","0","+2.62","+5.38","+9.3","+14.1","+7.8","+6.09","21.6","20.2","19.9","19.5","25.4","7.03","3.75","0","0"
="9945","潤泰新","63.7","-1.7","-0.78","-0.16","-4.5","-7.28","-6.6","-8.21","+20.9","+54.4","62.3","54.1","51.5","38.5","85.7","-11.1","1.09","-0.12","+0.23"
="9958","世紀鋼","110","-1.79","-1.79","+0.92","-1.35","+0.92","-1.35","-0.45","-5.17","-12.7","106.5","101","101","95.4","144","15.8","13","-0.1","-0.05"
