"代號","名稱","成交","漲跌幅","3日累計漲跌(%)","5日累計漲跌(%)","10日累計漲跌(%)","一個月累計漲跌(%)","三個月累計漲跌(%)","半年累計漲跌(%)","3日最高股價","5日最高股價","10日最高股價","一個月最高股價","三個月最高股價","半年最高股價","一年最高股價","3日最低股價","5日最低股價","10日最低股價","一個月最低股價","三個月最低股價","半年最低股價","一年最低股價","三大法人3日累計買賣超佔成交(%)","三大法人5日累計買賣超佔成交(%)","券資比3日增減","券資比5日增減","12/21成交量(張)","12/20成交量(張)"
="0050","元大台灣50","141.85","+0.85","-0.14","+1.25","+0.04","-0.67","+0.96","+5.19","142","142.05","143.6","143.6","143.6","143.6","143.6","140.3","139.7","139.7","137.5","130.9","130.2","117.5","1.69","-4.46","-0.75","-1.97","6,717","4,583"
="0056","元大高股息","33.36","-0.15","-0.27","+1.24","+1","+1.31","-0.18","-3.11","33.47","33.47","33.47","33.47","33.47","36.05","36.17","33.2","32.85","32.85","31.96","30.59","30.59","29.35","-13.7","3.49","-1.37","-4.49","9,723","20,228"
="006208","富邦台50","79.85","+0.76","-0.13","+1.08","-0.13","-0.75","-0.87","+3.23","80.05","80.05","80.85","80.85","81.15","82.35","82.35","79.15","78.75","78.75","77.6","75.45","74.8","66","-7.44","-17","0","0","1,533","1,926"
"00631L","元大台灣50正2","139.45","+2.24","+0.22","+3.07","+0.94","-0.11","+5.36","+13.6","139.75","139.75","141.5","141.5","141.5","141.5","141.5","135.85","134.55","134.55","129.5","114.4","114.4","82.4","16.2","15.2","+2.68","-0.69","1,480","1,545"
"00638R","元大滬深300反1","8.06","+0.37","+1.77","+3.33","0","-2.77","-5.06","+3.33","8.12","8.12","8.12","8.34","8.73","8.92","8.92","7.88","7.83","7.62","7.62","7.62","7.58","6.7","10.3","20.7","+0.29","+1.46","1,305","2,260"
"00642U","期元大S&P石油","12.3","+1.4","-2.61","-1.84","-1.05","-11.8","-1.44","-1.36","12.75","12.75","12.94","13.94","14.75","14.75","14.75","12.11","12.11","12.11","11.61","11.61","10.86","8","-30.4","-18.8","+1.99","+2.48","3,283","11,508"
"00669R","國泰美國道瓊反1","7.74","-0.26","+1.98","+1.18","+0.39","+1.71","-2.03","-5.38","7.79","7.79","7.79","7.99","8.17","8.18","9.49","7.58","7.57","7.54","7.54","7.54","7.54","7.54","43.9","25.2","+0.06","+0.07","3,776","5,187"
"00670L","富邦NASDAQ正2","118.1","+2.03","-6.49","-4.14","-1.99","-9.64","+2.21","+22.7","120","126.5","128","131.65","131.65","131.65","131.65","115.4","115.4","115.4","115.4","99.75","98.3","74.45","-66.3","-54.4","-0.74","-3.46","883","1,367"
="00692","富邦公司治理","35.12","+0.77","-0.17","+0.77","-0.09","-0.65","-2.44","+1.15","35.16","35.19","35.5","35.5","36.78","36.78","36.78","34.79","34.66","34.66","34.07","33.82","33.51","29.21","-8.69","-22.4","0","0","2,002","2,140"
="00712","FH富時不動產","12.92","-1.52","-4.15","-5.14","-6.51","-8.95","-7.25","-11.2","13.45","13.53","13.98","14.25","14.59","14.75","15.21","12.85","12.85","12.85","12.85","12.85","12.85","12.29","-86.6","-85.9","+0.66","+0.66","26,606","22,791"
="00713","元大台灣高息低波","42.26","+0.4","0","+0.38","+0.14","-1.38","-4.58","-0.31","42.3","42.3","42.62","42.96","46.35","46.35","46.35","42","42","42","41.22","41.22","41.22","34","-8.73","-0.97","0","0","1,165","1,688"
="00731","FH富時高息低波","58.25","+0.34","-0.34","-0.09","0","-0.43","-4.35","+2.46","58.55","58.6","58.95","58.95","64.8","64.8","64.8","57.85","57.85","57.85","56.7","56.7","56.6","47.54","-3.11","-3.19","0","0","1,145","1,548"
"00734B","台新JPM新興債","19.37","-0.31","-0.05","-0.56","+0.41","+0.1","-2.66","-1.48","19.43","19.45","19.48","19.48","19.9","19.94","21.09","19.36","19.36","19.21","19.01","19.01","19.01","19.01","1.25","0.39","","","1,007","1,002"
="00757","統一FANG+","49.05","-0.02","-4.29","-2.68","-3.25","-9.33","-2.1","+3.72","49.99","51.3","52.35","54.45","55.2","55.2","55.2","48.8","48.8","48.8","48.8","46.9","46.9","42.85","-86.5","-77.8","-0.1","-0.39","2,788","4,884"
="00830","國泰費城半導體","33.38","+1.58","-3.86","-0.98","-0.83","-3.22","+9.69","+19.1","33.45","34.75","35.15","35.15","35.15","35.15","35.15","32.81","32.81","32.81","32.81","28.11","27.87","24.46","-50","-45.1","-1.49","-1.15","2,277","1,727"
="00876","元大未來關鍵科技","32.28","+1.06","-2.39","-0.77","+0.44","-2.74","+5.73","+13.7","32.61","33.07","33.16","33.19","33.24","33.24","33.24","31.92","31.92","31.92","31.81","27.93","27.93","25.26","-8.82","6.68","-0.23","+0.36","1,145","1,344"
="00877","FH中國5G","13.61","+0.15","-3.06","-3.68","+2.79","+1.95","+13.9","+5.91","14","14.2","14.2","14.2","14.2","14.2","14.85","13.46","13.46","13.28","13.16","11.81","11.81","10.93","18.9","36.8","+0.05","-0.2","951","1,428"
="00878","國泰永續高股息","18.84","+0.48","-0.05","+0.75","+0.43","+0.69","+2.95","+4.15","18.89","18.89","18.93","18.93","18.93","18.93","19.28","18.71","18.66","18.66","18.25","17.77","17.35","15.65","-29","-32.7","-0.46","-0.41","7,626","15,361"
="00881","國泰台灣5G+","18.36","+1.16","-0.05","+1.44","+0.44","-0.49","+4.08","+6.5","18.39","18.39","18.55","18.55","18.55","18.55","18.9","18.1","18.04","18.04","17.61","16.38","16.38","14.75","32.4","29.2","-0.05","+0.75","13,939","9,720"
"01010T","京城樂富R1","10.34","+0.29","-0.19","+0.39","+0.39","+1.17","-3.18","-4.7","10.36","10.36","10.36","10.44","10.68","10.94","11.48","10.18","10.18","10.18","10.18","10.14","10.14","10.14","0.04","0.25","","","12,144","33"
="020022","元大電動車N","5.62","0","-0.53","+1.63","+1.08","+1.26","+8.29","-1.58","5.67","5.69","5.69","5.69","5.69","5.92","6.87","5.57","5.5","5.5","5.31","4.9","4.9","4.9","64.3","65.6","","","1,091","938"
="1101","台泥","47.25","-0.32","+0.75","+0.53","-0.63","-2.17","-6.8","-7.17","47.6","47.6","47.85","48.2","51.7","54.5","58.7","46.9","46.8","46.8","45.95","45.95","45.65","40.15","11.2","8.7","-0.18","+0.37","5,728","11,365"
="1102","亞泥","43.75","+0.81","+1.86","+1.63","+1.16","-2.89","-2.78","-13.9","43.95","43.95","43.95","45.1","46.65","53.6","54.3","42.85","42.6","42.6","42","42","42","40","46.1","35.5","+0.03","+0.17","11,700","15,553"
="1110","東泥","20.25","-1.22","+2.53","+3.05","+1.76","-5.81","+0.75","+32.4","21.2","21.2","21.2","23.6","23.6","23.6","23.6","19.75","19.35","19.35","19.35","18.15","15.25","14.4","-0.57","0.72","+0.15","+0.03","294","1,879"
="1210","大成","52.5","+0.57","+0.38","+0.19","0","-1.32","-4.37","-11","52.7","52.8","52.9","53.3","55.8","61.8","62.9","52","52","52","51.8","51.8","51.8","46.25","-11.7","-12.6","-0.34","-0.35","507","1,540"
="1216","統一","67.9","+0.44","-0.88","-1.31","-0.88","-0.44","-2.44","-6.34","68.7","68.9","69","69","70","76","76.9","67.5","67.5","67.5","65.4","65.4","65.4","64.2","-18.8","-18.3","+0.05","-0.14","5,208","7,177"
="1227","佳格","53.8","-0.19","+1.13","+3.26","+5.08","+4.47","+3.86","+1.13","54.4","54.4","54.4","54.4","54.4","55.4","61.5","52.9","52.2","51","51","50.7","50.7","50.7","36.1","38.3","+0.07","+0.07","1,755","2,925"
="1301","台塑","103.5","+1.47","+1.97","0","0","0","+1.47","+1.47","104","104","106","106.5","121","121","121","101.5","101","101","101","100","95.6","86.6","8.87","-21.1","+0.05","-0.43","4,846","4,164"
="1303","南亞","84.4","+0.72","+2.06","+1.69","-0.35","-0.71","-6.12","+3.05","85","85","85.2","86.5","93.1","93.1","93.1","82.7","82.5","82.5","82","82","81.5","65.6","19.9","4.8","+0.43","+0.18","6,147","5,209"
="1316","上曜","20.3","-0.49","-0.49","0","+0.25","-4.25","+50.4","+74.2","20.75","20.9","21.2","23.35","23.35","23.35","23.35","19.85","19.85","19.7","19.7","12.75","11.3","10.05","13.5","9.08","-0.83","-1","2,271","4,691"
="1326","台化","79.9","+1.4","+1.14","+0.63","-0.75","-1.11","-2.92","-4.08","79.9","79.9","81.2","81.2","84.9","87.4","95.5","78.6","78.6","78.6","78.1","78.1","78.1","77.3","-21.5","-30.7","0","-0.07","1,732","3,314"
="1402","遠東新","28.55","+0.53","+1.24","+0.35","-0.7","-2.89","-3.22","-7.46","28.7","28.7","28.95","29.45","30.4","33.75","35.55","28.1","28.1","28.1","27.75","27.75","27.75","26","-12.7","-19.3","-0.28","-0.3","3,681","4,093"
="1414","東和","20.05","-0.99","-2.2","+3.89","+10.5","+17.3","+31","+16.6","21.9","21.9","21.9","21.9","21.9","21.9","25","19.45","19.15","18","16.8","14.6","12.95","11.2","-7.66","-4.03","-0.19","+0.42","3,118","2,985"
="1434","福懋","28.05","+0.18","-2.77","-2.94","-3.11","-4.43","-7.12","-12.8","28.9","29.05","29.25","29.45","30.8","33.7","34.5","28","28","28","28","28","28","28","-45.7","-48.6","-19.3","-19.9","16,350","17,069"
="1454","台富","14.85","+6.07","+15.6","+10.8","+26.9","+38.8","+47.8","+47","15.4","15.4","15.4","15.4","15.4","15.4","15.4","12.8","12.45","11.5","10.7","9.81","9.8","8","1.4","0.59","+0.08","+0.09","4,043","3,059"
="1504","東元","31","+1.14","+1.31","+2.14","+2.31","-1.12","+0.81","-6.63","31.1","31.15","31.15","31.6","32","34.8","36.6","30.6","30.4","30.25","30","29.85","28.5","26.8","-2.65","-12.4","+0.13","+0.18","932","1,459"
="1514","亞力","25.6","+1.99","+2.2","+3.64","+8.7","+6.22","+9.4","+3.02","25.6","25.6","25.6","25.6","25.6","27.7","28.55","24.75","24.7","23.7","23.05","22.15","22.15","20.5","28","30.2","0","-0.07","1,296","2,065"
="1529","樂士","21.3","+2.16","-1.62","+7.58","-4.7","+22.1","+30.3","+24.6","22.1","22.1","23.5","23.85","23.85","23.85","23.85","19.55","19.55","19.55","16.9","15.55","15.1","14.85","-11.4","-4.09","-0.14","+0.01","1,395","1,792"
="1560","中砂","91.6","+2.81","+0.33","-7.01","+4.33","+0.66","+25.8","+39.2","92","97.8","101.5","101.5","101.5","101.5","101.5","88.8","88.8","88.7","84","65.4","62.2","57.6","5.4","-10.2","-0.06","-0.67","1,872","1,890"
="1605","華新","26.15","+0.19","+1.36","+0.58","-1.51","-4.74","-1.88","+3.16","26.5","26.5","27.2","28.7","28.7","30.85","32.35","25.75","25.75","25.75","25.65","23.1","23.1","16.3","10.3","4.59","-0.19","-0.25","4,318","6,014"
="1611","中電","21.3","0","-3.18","+4.41","+19.7","+41.5","+112","+90.2","22.3","22.55","22.55","22.55","22.55","22.55","22.55","20.25","19.95","17.8","12.7","9.95","9.95","9.48","7.36","2.59","-1.18","+4.99","15,978","21,413"
="1616","億泰","11.55","-1.7","+4.05","+6.45","-0.43","+30.5","+37.3","+22.1","12.15","12.15","12.15","13.15","13.15","13.35","13.35","11.1","10.8","10.8","8.8","7.61","7.61","5.12","2.21","0.58","0","0","1,367","3,480"
="1709","和益","22.7","+3.65","+3.42","+5.09","+2.48","-3.81","+12.9","+8.35","22.8","22.8","22.8","25.45","25.45","25.45","25.45","21.55","21.5","21.5","21.5","19.25","18.65","13.85","-23.2","-24.7","+0.34","+0.16","12,337","881"
="1711","永光","26.95","+3.45","+4.05","+4.66","+2.86","-1.82","+9.11","+43","28.1","28.1","28.1","29.6","32.45","32.45","32.45","25.7","25.7","25.7","25.35","23.1","17.5","15.1","0.11","2.52","+0.51","+0.98","57,839","4,934"
="1714","和桐","10.85","+0.93","0","0","-5.24","-1.36","+4.33","-8.82","10.95","11.05","11.65","11.85","11.85","13.1","13.5","10.6","10.6","10.6","10.6","9.95","9.95","8.96","-33.1","-41.2","0","-0.03","1,973","3,239"
="1721","三晃","27.35","+9.84","+6.63","+3.21","-2.15","+14.2","+163","+182","27.35","27.35","30.15","33.45","33.45","33.45","33.45","24.2","24.2","24.2","23.1","9.29","8.95","8.95","-0.45","-0.2","+2.69","+2.77","12,894","14,423"
="1722","台肥","70","+1.01","+1.01","+1.3","+2.19","+1.89","+18.8","+22.2","71.2","71.2","71.2","71.5","73.2","73.2","73.2","69.2","69","68","67.7","58","55.1","49.95","13.7","12","-1.05","-1.4","1,513","3,563"
="1727","中華化","51.2","+9.99","+7.9","+7.45","+0.2","-2.1","+61.3","+247","51.2","51.2","52.8","61","61.6","61.6","61.6","45.9","45.9","45.9","45.9","24.85","13.85","10.35","1.37","2.32","+11","+9.12","11,426","4,414"
="1785","光洋科","50.2","+2.24","+3.19","+3.08","+0.4","-6.17","-2.52","+12.6","51","51","51.2","55","58.9","58.9","62.4","48.1","48.1","48.1","47.75","47.75","44.05","39.1","-5.74","-4.69","+0.37","+0.36","8,049","2,645"
="1810","和成","17.6","+1.44","+2.33","+2.92","+4.76","+6.02","+44.9","+50.4","18.1","18.1","18.1","18.1","18.1","18.1","18.1","17","16.95","16.05","15.15","11.95","10.2","8.9","9.83","4.67","+0.15","+0.22","3,761","10,806"
="2006","東和鋼鐵","68.7","0","+9.92","+14.7","+13","+64.2","+60.5","+40.2","69.3","69.3","69.3","69.3","69.3","69.3","69.3","63.4","59.5","59.5","41.7","37","37","31","16.5","19.9","+1.81","+1.9","9,620","16,409"
="2101","南港","38.7","+0.65","0","-1.28","-1.28","-5.03","-1.02","+1.84","39.05","39.2","39.5","40.8","41.85","42","45.7","37.9","37.9","37.9","37.9","37.15","36.6","34.55","-10.4","-9.64","+0.06","+0.07","3,162","2,057"
="2103","台橡","42.95","+2.75","+17.2","+23.2","+24.5","+33.4","+40.8","+23.4","43","43","43","43","43","43","43","36.4","34.5","34.2","31.55","29","29","19.5","7.04","10.1","+2.82","+3","68,631","43,963"
="2104","國際中橡","27.25","-1.27","+1.3","+2.25","+4.21","+2.44","+15.5","+9.22","27.9","27.9","27.9","27.9","29.7","29.7","32.9","26.85","26.6","26.15","25.4","22.3","22.15","22.1","-6.28","-5.76","-0.03","-0.02","9,534","13,077"
="2301","光寶科","61.7","+1.15","0","-0.16","+0.49","+0.16","+0.98","-2.99","61.9","62.1","62.9","62.9","65.8","65.8","67.9","60.8","60.8","60.8","59.7","59.7","56.1","48.6","-19.4","-22.3","+0.26","+0.19","3,072","7,404"
="2303","聯電","62.9","+1.13","-0.16","+0.8","-5.41","-3.38","-4.12","+23.3","63.3","64.6","68.2","68.5","68.5","72","72","62","62","61.5","60.9","56.4","50.2","43.05","-30.1","-28.5","+0.04","-0.31","77,195","64,252"
="2313","華通","43.15","+0.35","+0.12","+1.41","+1.53","+0.35","+12.1","+7.34","43.5","43.5","43.5","43.95","45.7","47.9","47.9","42.3","41.85","41.6","39.8","34.85","34.85","31.7","9.47","15.6","+0.03","-0.04","6,125","6,494"
="2324","仁寶","23.85","-0.21","-0.62","0","+0.42","+1.27","+1.49","+6.95","24.25","24.25","24.55","24.55","24.85","24.85","27.95","23.8","23.7","23.6","23.15","23.05","21.25","20.3","-5.7","-6.08","+0.05","+0.03","19,268","14,739"
="2330","台積電","597","-0.17","-1.32","-0.33","-1.65","-3.4","-0.5","+3.29","607","607","614","618","623","638","679","595","595","595","591","560","551","506","-5.71","-3","+0.16","+0.27","17,670","22,382"
="2337","旺宏","41.2","+2.23","+1.23","+2.74","-2.6","-2.72","+10.9","-2.6","41.3","41.3","42.65","44.25","44.25","48","50","40.2","39.9","39.9","39.9","34","34","34","6.55","0.63","-0.17","-0.86","10,964","6,149"
="2338","光罩","98.6","+1.65","-0.7","+2.71","-7.85","-10.8","+19.8","+20.1","99","101.5","114","117","117","117","117","95.4","95.4","95.4","91","69.3","69.3","36.5","-6.98","-13.8","-0.13","-0.37","5,566","4,492"
="2340","光磊","60.7","+2.02","-0.16","+3.23","+5.93","+8.59","+77.7","+136","62","62.2","65.8","66.2","66.2","66.2","66.2","59.1","57.8","57.2","55","29.3","24.85","21.85","0.74","-1.89","-0.29","-0.08","19,960","14,025"
="2342","茂矽","46.7","+1.08","-1.68","+0.32","-15.9","-3.01","+3.78","+42.4","47.5","48.2","57","57","57","57","57","46.15","46.15","45.6","45.2","39","33.15","26.3","-17.2","-18.2","-0.05","-0.47","1,459","2,578"
="2347","聯強","65","+2.36","-1.07","+2.69","+6.56","+14.4","+21.5","+30.5","68","68","68","68","68","68","68","62.6","62.6","61.2","56.9","50.5","50","45","13.1","13.1","+3.67","+3.78","26,317","37,320"
="2351","順德","162.5","+2.2","+1.25","+3.17","-0.61","-7.41","+27.5","+36.6","163.5","163.5","169","176","200","200","200","155.5","155.5","155.5","154","116.5","116.5","71.2","7.13","9.21","-1.56","-3.17","1,420","984"
="2353","宏碁","30","-0.17","+1.18","+4.35","-0.99","+8.5","+19","-2.6","30.2","30.2","30.9","30.9","30.9","31.5","35.85","29.25","28.7","28.55","26.8","23.45","23.45","23.25","20.6","17.2","+0.32","+2.02","15,182","18,484"
="2354","鴻準","64.1","+0.79","+0.16","-0.16","-0.31","-3.9","-3.61","+0.31","64.7","64.7","65.8","67.4","71.8","71.8","79.6","63.6","63.6","63.6","63.5","63.5","61.3","51.8","-6.67","-8.08","+0.05","+0.2","1,964","2,047"
="2355","敬鵬","36.45","+0.83","+0.28","+6.58","+2.97","+9.79","+18.3","+17.2","36.95","36.95","37.2","38.7","38.7","38.7","40.45","35.45","34.2","34.2","31.3","27.2","27.2","23.85","-0.25","2.81","-0.36","+0.04","7,880","3,828"
="2356","英業達","24.95","0","-2.16","-2.16","-2.73","-4.41","+0.2","-1.58","25.5","25.55","25.75","26.45","27.1","27.6","28","24.65","24.65","24.65","24.65","24.5","23.1","22.65","-17.3","-20.5","+0.11","-0.57","7,922","12,350"
="2357","華碩","370.5","+0.95","+0.95","+1.09","+1.09","+2.77","+13.7","-1.2","371","371","371.5","371.5","378","382.5","428","364.5","363","360","351.5","319","307","247.5","11.7","4.3","+0.21","+0.07","2,245","1,915"
="2360","致茂","188","+1.08","+2.17","+2.73","+1.35","+3.58","+2.73","-0.27","188","188","188","190","196","217","230","182","182","181","179","173","173","161","2.41","1.86","0","0","1,024","1,120"
="2368","金像電","74.8","+3.74","+2.61","+7.32","+4.76","+3.89","+1.08","+22.2","75.3","75.3","75.3","76.4","80","83.6","83.6","71.4","69.8","69.6","67.3","59.1","56.5","38.65","27.9","27.5","+1.44","+1.8","23,180","3,219"
="2374","佳能","23.7","+0.42","-1.66","+2.16","+0.21","+8.22","+53.9","+54.4","24.4","24.85","25.9","25.9","25.9","25.9","25.9","23.2","23","22.8","20.6","14.95","14.45","13.45","4.8","2.91","-0.33","+0.02","4,462","4,375"
="2376","技嘉","155","+0.98","-1.9","+2.31","+17","+9.93","+70.1","+39.6","160","165","165","165","165","165","165","149","149","135","127","83","80.5","74.6","0.97","-0.22","-0.73","-0.78","19,301","16,100"
="2379","瑞昱","569","+2.89","0","+4.4","+0.71","+4.02","+8.59","+16.8","575","575","579","581","581","621","621","552","541","541","521","445","445","381.5","9.4","11.9","+0.47","+0.72","1,262","1,588"
="2380","虹光","17.35","+9.12","+4.52","+21.3","+31.9","+73.7","+66.8","+44","17.65","17.65","17.65","17.65","17.65","17.65","17.65","15.5","13.6","12.8","10","8.7","8.7","6.76","2.51","0.52","0","0","9,402","9,720"
="2382","廣達","89.3","+1.71","-0.89","0","+1.59","+2.76","+14.6","+3.6","90","90.3","90.3","90.3","90.3","92","102","87.8","87.8","87.8","85.1","75.8","72.5","72.5","16.7","24.1","-0.11","+0.12","7,937","9,656"
="2383","台光電","275.5","0","-2.48","+0.55","-0.9","+21.1","+21.1","+34.7","281.5","285","293","293.5","293.5","293.5","293.5","273","272","271","228","200","200","141.5","0.43","19.6","-1.05","-1.15","1,260","970"
="2388","威盛","86.7","-1.25","-4.93","+4.08","-3.88","-4.2","+83.1","+58.5","89.8","93.8","93.8","94.7","103.5","103.5","103.5","83.4","82.8","81.9","78.7","38.05","38.05","38.05","-7.97","-0.95","-4.79","-6.99","10,169","16,640"
="2395","研華","387","-0.51","-2.52","+1.31","+3.61","+1.18","+5.31","+18.2","409.5","409.5","409.5","409.5","409.5","409.5","409.5","382","378","376","353","338.5","328","303.5","0.2","7.11","0","0","687","1,557"
="2401","凌陽","38.8","+1.31","-1.15","+1.97","-4.55","-4.9","+2.65","+25.6","39.3","39.65","41.6","41.95","44.9","47.55","47.55","38.1","37.9","37.9","36.75","30.6","30.6","16.4","-12.7","-5.11","+0.28","+0.44","7,605","3,139"
="2405","浩鑫","18.6","+5.08","-1.06","-7.92","+45.3","+51.8","+77.1","+52.5","19.1","19.55","20.45","20.45","20.45","20.45","20.45","17.3","17.3","12.75","11.85","10.3","10.1","10.1","7.32","4.43","0","0","7,884","11,118"
="2406","國碩","34.4","+0.73","-3.37","+0.73","+32.6","+52.2","+53.6","+67.8","36.45","37.7","37.7","37.7","37.7","37.7","37.7","33","33","25.4","22.15","20.7","20.2","14.5","17.5","6.79","-4.93","-0.6","11,315","13,198"
="2412","中華電","115.5","+0.43","+0.87","+1.32","+1.32","+2.21","+4.05","+1.32","116","116","116","116","116","118.5","118.5","114","113.5","113.5","112","110","109","108","10.7","9.4","+0.17","+0.78","8,291","6,017"
="2419","仲琦","23.95","+0.63","-3.82","-4.2","+0.63","+2.35","+25.7","+18.3","25.05","25.75","27.5","27.5","27.5","27.5","27.5","23.6","23.6","23.6","22.05","18.55","17.9","17.9","1.03","0.07","-0.21","-2.04","1,100","1,816"
="2426","鼎元","28.15","+1.81","-0.71","+1.08","-2.26","-2.6","+20.6","+13.5","28.65","28.7","29.65","32.95","32.95","32.95","32.95","27.45","27.45","27.3","25.75","19.7","19.7","15.6","2.63","12.5","-0.04","+0.02","2,629","1,890"
="2436","偉詮電","99","+2.06","+2.8","+11.9","+4.21","-7.04","+23","+44.5","101","101","101","108","115.5","115.5","115.5","94.4","88.4","88","88","70.4","65","41.55","5.39","6.52","+0.7","+2.02","35,375","12,234"
="2442","新美齊","13.1","+0.38","-0.76","-2.96","+0.77","+10.5","+13.4","+33.1","13.35","13.9","14.35","14.35","14.35","14.35","14.35","12.9","12.9","12.8","11.15","11.05","9.75","9.08","6.16","8.99","+0.23","-0.32","1,519","2,144"
="2449","京元電子","43.25","+0.12","-2.15","-1.03","-4.84","-1.48","+0.12","+4.22","44","44.4","45.85","45.85","45.85","51.4","52","43","43","43","41.2","36.4","36.4","33.55","-17","-20","+0.09","-0.16","4,354","5,017"
="2453","凌群","28.7","+2.87","+4.74","+5.32","+4.55","+12.8","+31.1","+21.4","29.7","29.7","29.7","29.7","29.7","29.7","30","26.9","26.9","26.85","25","21.3","21.3","16.6","9.86","10.4","+0.04","+0.07","1,996","1,304"
="2454","聯發科","1090","+3.32","0","+1.87","+2.35","0","+16","+20.7","1110","1110","1110","1110","1120","1120","1185","1055","1045","1045","991","839","839","703","-1.93","4.02","+1.29","+1.16","4,477","3,334"
="2455","全新","140.5","+2.93","-1.4","+1.81","-2.09","-0.35","+12","+14.2","141","143","149","162.5","162.5","162.5","162.5","136","136","136","136","110.5","109.5","89.6","-11.1","-7.94","+0.03","-0.12","1,507","1,059"
="2457","飛宏","43.05","-4.65","-6.92","+5.51","+10.1","+15.3","+33.1","+28.9","46.85","47.35","47.35","47.35","47.35","47.35","48.95","42.7","40.35","38.05","34.35","27.95","27.95","15.4","-0.52","0.53","-1.53","+1.96","28,490","33,046"
="2465","麗臺","81","+4.52","+13.6","+15.7","+14.9","+11.6","+27.4","-6.9","82.4","82.4","82.4","82.4","82.4","91.7","98","70.4","70","70","66.5","52","52","16.05","0.23","0.39","+6.59","+6.34","39,108","11,646"
="2476","鉅祥","64.8","+5.88","+6.23","+6.75","+2.21","+3.68","+14.1","+82","65.4","65.4","66.8","66.8","69","69","69","59.6","59.6","59.6","55.8","46.8","35.65","20.2","2.92","-1.83","+0.34","-0.49","13,062","3,784"
="2481","強茂","108","+2.86","-0.92","+5.37","-1.82","-3.14","+17","+54.5","109.5","109.5","113.5","116.5","125","125","125","103","102","102","100.5","78","70","39.6","3.73","4.87","0","-0.1","16,642","6,395"
="2482","連宇","16.4","-0.91","-2.96","-1.8","+4.46","+5.47","+27.6","+32.3","17.75","18.3","19.45","19.45","19.45","19.45","19.45","16.3","16.3","15.45","13.6","12.05","11.15","9.9","0.89","0.76","-24.3","-25.3","1,410","10,006"
="2484","希華","39.85","+2.71","-1.24","+3.37","+3.51","-7.33","+25.1","+26.7","40.65","41.1","41.1","46.1","46.1","46.1","46.1","38.75","38.65","38.5","38.2","28.45","28.45","21.6","7.51","4.58","-0.7","+3.55","5,700","1,470"
="2497","怡利電","81.1","+5.87","+0.12","-0.98","+6.57","+86.7","+142","+183","89","89","91","91","91","91","91","74.2","74.2","74.2","43.5","28.6","28.6","25.4","-0.1","3","+1.83","+2.48","14,978","8,491"
="2498","宏達電","83","-2.24","-0.36","+9.64","-1.19","-5.25","+122","+110","86.3","86.3","86.8","89.3","97.3","97.3","97.3","79.5","75.3","75.3","72.3","33.7","33.7","27.7","-0.67","-0.94","-0.12","+0.47","60,659","77,376"
="2504","國產","30.1","-0.33","+7.12","+11.3","+9.26","+9.26","+31.2","+24.4","30.6","30.6","30.6","30.6","30.6","30.6","30.9","28.1","27","27","25.95","22.45","21.1","20.6","2.21","8.5","+0.13","+0.25","11,649","31,344"
="2511","太子","13.35","-0.74","0","+0.75","+0.75","0","-3.96","+12.2","13.85","13.85","13.85","13.85","13.95","14.6","14.6","13.3","13.2","13.15","13","12.5","11.75","10.65","1.25","-1.28","-0.1","-0.16","848","1,681"
="2520","冠德","37.65","0","-0.53","-1.18","-3.09","-2.33","-5.4","+0.53","37.95","38.25","39.1","39.1","39.65","44.35","44.6","37.5","37.5","37.5","37.5","37.45","37.45","31.5","-18.9","-37.6","+0.11","+0.05","1,463","1,147"
="2537","聯上發","10.3","0","0","+0.49","-4.63","-2.83","+3.52","+6.74","10.4","10.5","11.05","11.05","11.15","11.15","11.15","10.2","10.2","10.2","10.05","9.3","9.11","7.92","7.83","4.71","0","0","1,790","1,911"
="2542","興富發","47","-1.26","-0.53","+1.08","+1.08","+0.75","-0.74","+11","47.75","47.75","47.75","47.8","48.7","49.8","49.8","46.8","46.35","46.35","46","44.15","42.5","40.4","11.9","15","+15.3","+20.3","8,429","10,107"
="2610","華航","26.3","-1.68","-1.5","+1.54","-7.39","-4.88","+64.9","+32.2","27.2","27.65","30","31.15","31.15","31.15","31.15","25.95","25.95","25.9","24.25","15.5","15.4","9.97","0.63","-4.27","-0.13","-1.65","119,509","130,396"
="2618","長榮航","26.75","-1.83","-0.19","+2.1","-4.12","-1.65","+52.4","+26.5","27.4","27.8","30.55","30.55","30.55","30.55","30.55","26.1","26.1","26.1","23.5","17.05","17.05","11.9","-2.43","-7.71","+0.03","-5.04","72,896","86,704"
="2633","台灣高鐵","29.35","+0.17","-0.34","+0.17","-1.01","-0.17","+0.51","-1.18","29.6","29.6","29.95","30.7","30.7","31.1","31.8","29.1","29.1","29.1","29.1","28.2","28.2","26.8","-28","-31.9","+0.24","+0.19","2,167","2,513"
="2801","彰銀","16.7","+0.91","0","-0.3","0","-3.19","+1.83","+4.05","16.8","16.8","17","17.3","17.4","17.4","18.3","16.55","16.55","16.55","16.4","16.1","16","15.95","-19","-29.2","0","0","7,527","8,452"
="2809","京城銀","39.8","+0.13","+0.76","+0.51","-0.62","-3.98","-5.91","+0.76","40.15","40.15","40.5","41.5","42.65","44.6","44.6","39.25","39.25","39.25","39.25","39.25","39.25","37.6","-33","-36.2","-18.5","-19.6","13,757","12,375"
="2812","台中銀","12","0","0","0","0","-0.41","+4.35","+4.35","12.05","12.05","12.1","12.15","12.25","12.25","12.25","12","11.95","11.95","11.9","11.35","11.35","10.65","9.17","-1.97","+16.5","+16.5","2,905","3,392"
="2820","華票","17","+0.89","+0.89","-0.29","-2.3","-4.49","+4.94","+5.26","17.15","17.2","17.45","17.8","18.05","18.05","18.05","16.8","16.8","16.8","16.8","15.7","15.7","14.65","-33.2","-45.6","0","-0.37","795","2,519"
="2834","臺企銀","9.7","+0.41","+0.62","+0.62","-0.31","-1.32","+1.57","+3.41","9.7","9.7","9.79","9.97","10.05","10.05","10.3","9.62","9.62","9.62","9.6","9.4","9.39","9.1","-23.9","-35.7","+0.03","+0.03","10,057","14,028"
="2838","聯邦銀","13.05","0","+0.38","0","+3.57","+6.1","+10.1","+14","13.15","13.15","13.4","13.4","13.4","13.4","13.4","12.95","12.9","12.6","12.05","11.6","11.45","10.3","16.7","-0.07","0","-0.08","851","1,407"
="2845","遠東銀","10.6","+0.47","+0.95","+0.95","+0.47","-1.4","+0.95","+0.95","10.65","10.65","10.7","10.8","10.9","11.15","11.2","10.5","10.5","10.5","10.4","10.3","10.3","10.2","-3","-14","0","0","2,910","2,192"
="2867","三商壽","9.13","+0.22","+0.11","+0.22","-1.19","-2.87","-2.14","-0.76","9.18","9.18","9.3","9.57","9.6","9.6","10.9","9.09","9.09","9.09","9.09","9.05","8.93","7.96","-15.4","-33.4","+0.01","0","2,038","2,617"
="2880","華南金","20.9","+0.48","+0.48","-0.24","+0.48","-0.24","+1.95","+14.8","21","21","21.2","21.2","21.35","21.35","21.35","20.75","20.75","20.75","20.2","19.95","18.15","17.15","-9.39","-22.8","+0.02","+0.1","6,617","8,766"
="2881","富邦金","74.8","+0.94","-0.13","-0.13","-0.66","0","-5.08","+5.8","75.2","75.2","76.9","76.9","78.3","85.7","85.7","74","74","74","73","72","70.5","44.1","-9.49","-13.6","-0.05","-0.04","12,868","17,531"
"2881A","富邦特","63.3","0","+0.16","+0.16","+0.32","+0.48","+2.1","+0.8","63.3","63.3","63.3","63.3","63.3","63.3","63.3","63.1","63.1","63","62.8","61.8","60.6","60.6","0.86","-2.07","","","1,555","957"
="2882","國泰金","60.3","+0.67","0","+0.17","-0.66","-2.43","+2.38","+14.6","60.7","60.7","61.5","61.8","63.5","63.5","63.5","59.9","59.8","59.8","59","55.4","52.6","39.9","-12.6","-17.2","-0.01","-0.05","12,755","16,361"
="2883","開發金","16.6","+0.3","+0.61","0","-0.6","-1.48","+16.5","+31.2","17","17","17","17.1","17.5","17.5","17.5","16.45","16.45","16.45","15.9","13.75","12.75","8.9","-7.5","-13.1","-7.6","-5.03","82,675","124,178"
="2884","玉山金","27.95","+0.54","+0.36","+0.72","-0.18","+1.08","+6.48","+10","28","28","28.05","28.25","28.25","28.25","28.25","27.7","27.6","27.6","26.95","25.8","25.45","23.6","12","9.33","-0.42","-0.31","9,919","9,006"
="2885","元大金","24.75","+0.41","-0.4","+0.2","-0.8","-1.2","0","-2.37","25.1","25.1","25.25","25.25","25.4","27.8","27.8","24.6","24.6","24.6","23.7","23.7","23.15","19.55","-28.5","-33.2","+0.3","+0.29","12,107","16,846"
="2886","兆豐金","35.75","-0.69","+0.42","+0.99","+1.85","+3.17","+11.2","+10","36","36","36","36","36","36","36","35.25","35.1","34.95","33.55","31.85","30.6","28.15","23.8","26.4","+1.25","+0.44","17,063","20,944"
="2887","台新金","18.6","+0.27","-0.27","-0.8","-1.59","-1.85","+2.2","+24.8","18.75","18.75","19.1","19.1","19.45","19.7","19.7","18.5","18.5","18.5","18","17.65","14.9","12.5","9.34","1.3","-0.05","-0.05","12,335","16,206"
="2888","新光金","10.55","0","+0.48","+0.96","-2.31","-6.22","+11.1","+12.4","10.7","10.7","10.9","11.7","11.7","11.7","11.7","10.45","10.4","10.4","10.4","9.07","8.93","8.03","-13.6","-19.9","-0.43","-0.84","22,887","44,848"
="2889","國票金","15.8","0","-0.32","-0.94","-0.63","-2.17","0","-2.47","16","16","16.1","16.25","16.45","17.7","18.2","15.8","15.8","15.8","15.7","15.45","15.45","12.5","-29.7","-37.3","+0.01","+0.03","1,806","4,599"
="2890","永豐金","15.9","+0.95","+0.95","+1.6","+2.58","+5.3","+14","+17.8","15.95","16","16.1","16.1","16.1","16.1","16.1","15.65","15.6","15.5","14.9","13.65","13.2","10.95","-18.7","-21.9","+0.17","+0.07","12,595","12,890"
="2891","中信金","25.65","+1.18","+0.59","+0.39","-1.35","+5.77","+11.5","+15","25.85","25.85","26.05","26.05","26.05","26.05","26.05","25.25","25.25","25.25","24.2","22.2","21.05","19","0.26","-5.58","-0.36","-0.48","26,844","22,235"
="2892","第一金","24.1","+0.63","+0.63","+0.84","+0.42","+1.47","+7.11","+8.31","24.15","24.15","24.4","24.4","24.4","24.4","24.4","23.85","23.8","23.8","23.1","22.1","21.95","20.2","12.4","9.96","-0.15","-0.32","8,348","12,130"
="2897","王道銀行","7.9","0","+0.25","+0.13","+0.13","-1.74","+1.28","+13.7","7.94","7.94","7.99","8.07","8.28","8.68","8.68","7.86","7.85","7.85","7.74","7.45","6.8","6.49","0.97","-12.8","+0.04","+0.01","1,762","1,462"
="2912","統一超","275.5","+1.29","+0.92","+1.1","-0.36","-6.13","-0.9","+5.56","276","276","278.5","293.5","294","294","294","270.5","268","268","268","268","258","253.5","-31.7","-45","+0.05","+0.02","1,114","1,393"
="3010","華立","95.6","-1.75","+5.52","+7.78","+6.34","+6.46","+15.5","+19.9","98.7","98.7","98.7","98.7","98.7","98.7","98.7","91.1","88.6","88.5","86.3","76.5","76.5","71.2","5.67","7.44","-2.49","-2.72","1,580","4,201"
="3016","嘉晶","132.5","0","-6.03","-0.38","-10.2","-7.34","+47.4","+85.1","138","149.5","153","154.5","154.5","154.5","154.5","130","130","130","130","75.8","69.6","54.7","-10.8","-11.1","-0.15","-3.23","3,347","4,736"
="3017","奇鋐","86","+1.06","-3.59","-1.15","-1.83","-1.83","+9.14","+4.88","88.8","89.5","96.4","96.4","96.4","96.4","96.4","84.2","84.2","84.2","82.4","71.2","66.8","52.5","-24.2","-5.2","-0.93","-0.64","3,309","5,012"
="3018","同開","19","+9.83","+15.5","+18","+18","+14.5","+8.26","+21","19","19","19","19","19","19","20.85","16.2","16.1","16","16","15.6","15.4","14.3","0.79","0.52","0","0","2,715","245"
="3019","亞光","93.7","+1.85","-0.53","+1.85","-3.5","+0.43","+17.4","+17.6","94.5","94.8","100.5","103.5","103.5","103.5","103.5","91","91","91","90.5","70","70","66.5","2.81","-1.2","+0.09","+0.1","6,880","4,028"
="3028","增你強","33.7","+0.45","-0.74","+1.66","+7.32","+10.5","+16.4","+19.7","34.85","34.85","34.85","34.85","34.85","34.85","34.85","33.1","32.65","31.2","30.3","27.5","26.85","21.5","14","9.64","+0.06","+1","1,181","2,297"
="3033","威健","31.45","-0.32","+3.28","+9.2","+7.71","+7.71","+8.45","+32.7","32.1","32.1","32.1","32.1","33","33","33","29.85","28.9","28.75","28.4","25.5","21.7","18","13","16","-0.74","+0.03","14,298","27,932"
="3034","聯詠","535","+1.33","+0.19","+6.57","+4.29","+10.8","+24.9","+12.3","535","535","535","535","535","582","656","516","495.5","495.5","456","364","364","318","9.02","15.1","+0.69","+1.97","7,048","7,393"
="3035","智原","238.5","+9.91","+9.66","+32.5","+34.7","+25.2","+109","+219","238.5","238.5","238.5","238.5","238.5","238.5","238.5","216","180","180","171.5","102.5","73.3","48.3","0.32","2.01","-4.26","+8.5","57,849","55,603"
="3036","文曄","64.7","-0.15","+0.62","+0.31","-0.77","-0.31","+0.62","+19.4","65.9","65.9","66.3","67.4","67.4","69.3","69.3","64.4","64","64","62.4","57.4","53.3","40","18.8","17.9","+8.68","+8.67","1,913","2,431"
="3037","欣興","222.5","+2.06","-1.11","+3.01","+2.77","+13.8","+50.8","+65.4","231.5","231.5","231.5","231.5","231.5","231.5","231.5","215","215","215","189.5","115","115","80","-9.17","-5.23","-2.6","-3.3","18,310","19,802"
="3041","揚智","38.45","+6.66","+6.66","+19","+17.9","-1.91","+40.6","+46.5","39.5","39.5","39.5","39.7","41.3","41.3","41.3","33.55","32.1","31.45","31.45","22.7","22.7","20.6","-4.14","-2.69","+2.24","+2.24","66,089","42,369"
="3044","健鼎","121","0","-3.2","-1.22","-0.82","-0.41","+5.22","-5.47","125","125","125","125","125","139","147","120","120","120","119","109.5","108","108","-23.1","-13.7","+0.25","+0.1","1,130","1,448"
="3045","台灣大","98.8","+0.41","+0.2","+0.71","+0.2","-1.2","-0.7","-2.66","99.1","99.1","99.1","100","100.5","109.5","109.5","98.3","97.8","97.8","97","97","96","95.5","0.5","-10.6","0","0","3,528","2,261"
="3046","建碁","43.2","-0.92","-9.43","-18.2","-0.23","+42.1","+119","+92","49.65","53.5","53.5","53.5","53.5","53.5","53.5","42","42","38.15","33.4","17.8","17.8","14.65","-1.88","-2.66","0","0","932","1,301"
="3047","訊舟","13.05","+0.77","-4.74","+7.41","+16","+16","+27.3","+23.1","13.7","14.65","14.65","14.65","14.65","14.65","15.2","12.6","12.2","11.3","10.25","9.88","9.65","9.2","-7.42","-4.37","+0.94","+6.7","7,905","6,655"
="3048","益登","32.35","0","+1.25","+2.37","+1.09","+1.41","+9.29","-2.71","32.6","32.6","32.6","32.6","34.7","40.05","40.05","31.95","31.55","31.5","30.7","27.5","27.5","21.8","20.5","16.6","-0.12","-0.15","1,005","1,196"
="3049","和鑫","15.2","-0.33","-0.65","+10.1","+10.9","+10.1","+33.9","+28.8","16.7","16.7","16.7","16.7","16.7","16.7","16.7","14.7","13.7","13.55","12.9","10.6","10.6","9.35","-3.18","-3.72","-0.39","+0.9","27,529","35,736"
="3050","鈺德","18.1","-4.74","0","+1.4","-3.21","+1.69","+16","+27.9","19.8","19.8","19.8","19.8","19.8","19.8","21.35","17.75","17.65","17.55","16.35","13.55","13.55","12.5","-6.43","-5.22","+0.29","+0.26","4,767","16,844"
="3056","總太","40.2","-1.71","-3.37","-3.71","-3.13","-0.25","+5.1","+3.21","41.65","41.8","42.3","42.3","42.3","44.95","44.95","40.2","40.2","40.2","39.55","37.6","37.6","35.8","-27.3","-28.5","-0.02","-0.02","895","1,398"
="3059","華晶科","46.95","+1.4","-4.77","+4.33","+23.2","+18.7","+25","+35.1","50.7","51.5","51.5","51.5","51.5","51.5","51.5","45.55","44.65","38.75","36.6","30.4","30.4","27.4","2.11","0.63","-0.16","+0.24","24,058","28,069"
="3071","協禧","27.65","-1.25","+2.03","+5.94","+13.3","+18.9","+22.6","+4.73","28.3","28.3","28.3","28.3","28.3","28.3","32.8","26.6","26","24.3","22.3","20.35","20.35","20.35","0.03","0","-0.04","-0.06","1,010","3,052"
="3083","網龍","59.8","-1.97","+6.79","+11.8","+27.8","+24.3","+35.9","+3.1","61.6","61.6","61.6","61.6","61.6","61.6","65.2","55.5","53.5","46.2","44.8","39.5","39.5","39.5","-0.25","-0.25","+2.14","+3.44","5,446","11,747"
="3105","穩懋","380","+3.54","-0.78","-1.3","+4.97","+8.11","+17.5","+3.26","381","394.5","394.5","394.5","394.5","402","467.5","365","365","358.5","339","290.5","290.5","276.5","23.4","9.22","+0.29","+0.22","4,062","2,891"
="3128","昇銳","24","-0.21","-17","+0.21","+2.78","+3.9","+27","+19.4","28.7","28.9","28.9","28.9","28.9","28.9","28.9","23.45","23.45","22.7","21.5","18.45","17.15","13.3","-5.39","-5.62","-7.04","+0.3","1,949","4,751"
="3141","晶宏","268","+2.29","-8.38","+3.08","+5.3","+7.2","+58.6","+169","286.5","292.5","292.5","292.5","292.5","292.5","292.5","260.5","256.5","252.5","226","130","98.9","38.3","-3.69","1.12","-3.8","+1.6","9,628","17,917"
="3169","亞信","278.5","+2.96","-2.28","+5.89","-2.62","+22.1","+103","+69.8","287","297","297","299.5","299.5","299.5","299.5","269.5","260","253","224","112","112","49","4.14","1.99","+1.46","+0.74","13,227","6,024"
="3189","景碩","229","+1.1","-1.93","+4.09","+0.44","-2.55","+8.02","+66.5","236","236","239.5","244.5","257.5","257.5","257.5","225.5","215.5","215.5","215.5","181","127.5","73.1","4.14","9.41","-1.4","-8.05","4,451","6,065"
="3202","樺晟","17.15","-5.77","+1.78","+1.78","+1.78","-0.58","+24.3","+25.2","19.6","19.6","19.6","19.6","19.6","19.6","20.65","16.7","16.7","16.2","16","12.2","11.75","11.4","-10.5","-8.56","0","0","2,718","4,692"
="3217","優群","137.5","+10","+5.77","+7.42","+10","+43.5","+47.7","+28.5","137.5","138","138","138","138","138","138.5","122","122","122","94.1","79.6","79.6","79.6","15.6","5.99","+1.53","+1.24","13,601","1,095"
="3221","台嘉碩","40.4","+0.62","-5.5","-0.49","-3.35","+0.12","+20.2","+69","42.15","45.2","45.2","47.6","47.6","47.6","47.6","40.05","40.05","40.05","37","26.1","23.8","17.75","-13.8","-4.71","+0.35","-1.13","2,827","3,435"
="3231","緯創","28.95","+0.17","-0.34","-0.17","-1.36","-0.86","+4.51","-4.77","29.2","29.2","29.55","29.9","30.05","33.15","34.8","28.7","28.7","28.7","28.6","27","26.55","26.55","-14.3","-19.4","+0.01","0","11,127","10,485"
="3276","宇環","19","+5.56","+4.97","+11.1","+5.56","+14.1","+6.15","+56.4","19.5","19.5","20","20","20","20","21.75","17.8","17.25","17.1","16","14.55","12","9.5","6.96","11.8","0","0","2,194","1,650"
="3290","東浦","22.15","-0.89","-2.85","0","-4.11","+42","+73.7","+70.4","22.85","23.3","23.5","23.5","23.5","23.5","23.5","21.65","21.65","19.9","15.95","12.5","12.05","11.55","-6.85","-0.76","0","+0.17","1,243","1,586"
="3305","昇貿","79.1","+0.64","-2.35","+1.67","-3.3","-10.5","+49.5","+63.1","80.5","82.5","85.6","88.6","92.4","92.4","92.4","77.3","77.2","77.2","76","49.4","43.1","26.65","-6.18","10.1","-0.51","-0.42","1,443","2,104"
="3322","建舜電","23.85","+9.91","+0.63","-0.83","+26.9","+39.1","+57.4","+47.2","24.3","25.85","25.85","25.85","25.85","25.85","26.9","21.4","21.4","18","15.75","13.15","13.15","10.55","0.98","0.28","","","3,618","7,186"
="3390","旭軟","29.6","+2.42","+13.8","+26.8","+32.1","+49.1","+55.8","+76.2","31.15","31.15","31.15","31.15","31.15","31.15","31.15","25.1","23.25","21.45","20.25","16.9","16.8","13.5","-0.7","-0.29","+3.93","+4.71","14,195","8,892"
="3406","玉晶光","556","+4.71","+3.54","+4.51","+6.92","+12.3","+19.7","+8.59","557","557","560","562","562","629","629","526","526","522","497","370","370","369","24.2","17.2","+0.92","+0.44","4,907","1,286"
="3413","京鼎","232.5","+0.87","0","+0.87","0","+6.9","+9.41","+3.79","242","242","251","251","251","268","281.5","228","228","226","207.5","188","188","183.5","10.2","10.3","-0.15","-0.04","2,348","700"
="3443","創意","612","+1.83","-7.41","+4.62","+7.75","+2","+23.8","+50.9","653","661","661","661","661","661","661","599","582","570","552","438.5","362","301","-2.25","8.24","-6.91","-2.7","966","1,284"
="3444","利機","65.1","+9.97","+6.2","+10.7","-0.76","+11.5","+51.9","+73.4","65.1","65.1","72.1","79.2","79.2","79.2","79.2","57.6","57.6","57.6","57.6","37","35.45","31.5","5.14","2.82","+0.56","-0.06","2,756","630"
="3466","致振","19.3","0","-11.7","+6.63","+6.93","+15.9","-5.39","+53.2","23.55","23.55","23.55","23.55","23.55","23.55","23.55","19.2","18.05","17.8","15","13.55","11.9","10","-4.12","-0.17","-1.39","+0.3","1,768","2,696"
="3484","崧騰","83","+5.2","+5.6","+7.79","+5.2","+17.1","+17.7","+9.35","83","83","83","83","83","84.9","87.5","76.8","76.8","76.7","70.7","60.5","60.5","51.3","5.85","6.89","+0.69","+0.58","5,001","1,443"
="3491","昇達科","213","+2.4","-1.39","+9.51","+28.3","+18.3","+178","+224","221.5","221.5","221.5","221.5","221.5","221.5","221.5","206","186.5","171","151.5","72.3","65.8","58.6","-1","1.43","-1.12","+7","16,198","14,059"
="3499","環天科","26.2","+7.16","-4.03","-3.32","+10.5","+71.8","+106","+114","27.3","29.85","30","30","30","30","30","24.1","24.1","24.1","14.85","11.8","11.8","10.8","3.78","2.14","-3.19","-4.07","7,807","5,212"
="3508","位速","65","+0.62","-5.93","-0.76","-4.13","+18.2","+218","+210","65.5","71.9","73.6","73.6","73.6","73.6","73.6","61.5","61.5","61.5","46.45","18.65","18.5","18","14.7","-2.2","-24.8","-18.8","1,739","1,857"
="3515","華擎","268.5","-0.19","-3.42","+1.51","+3.07","+11.6","+83.3","+29.7","283.5","291","291","291","291","291","291","264.5","264.5","255.5","219.5","141","125","125","-0.41","-2.68","-1.2","-0.58","1,887","2,242"
="3532","台勝科","290.5","+0.87","-3.81","+0.87","+7.2","+52.1","+63.2","+68.4","301.5","311.5","312","312","312","312","312","282.5","281","270","192.5","138.5","138.5","124.5","1.73","1.84","+1.16","+2.62","3,432","3,430"
="3546","宇峻","95.5","-2.95","+7.67","+7.18","+15.6","+13.7","+12","+4.95","100.5","100.5","100.5","100.5","100.5","100.5","112","89.5","88.5","82.8","80.2","72.7","72.7","72.7","-4.29","-4.79","+1.46","+1.96","8,337","8,717"
="3576","聯合再生","21.6","-0.92","0","+0.47","+1.65","+1.17","-1.59","+68.1","22.15","22.15","23.2","23.2","26.25","26.25","26.25","21","21","21","20","19","12","11.2","-19.9","-16.4","0","0","5,270","9,115"
="3587","閎康","153.5","+1.99","+2.68","+7.34","+11.6","+10.8","+4.42","+25.8","155","155","155","155","165","168","168","146.5","144.5","136.5","129.5","129.5","122","83.1","28.3","22.7","+0.62","+0.55","1,608","2,517"
="3588","通嘉","146.5","+2.09","-1.01","+7.72","-1.01","-7.86","+6.55","+82.7","149.5","149.5","152","168.5","174.5","174.5","174.5","140.5","136","135.5","135.5","106.5","80.3","55","-6.47","-4.52","+0.71","+4.77","1,815","2,653"
="3596","智易","126","+0.4","-0.79","+10","+14.5","+8.15","+39.2","+30.7","135","135","135","135","135","135","135","121","115.5","107.5","103","88.8","87.2","83.6","0.95","4.33","-3.53","+2.22","11,272","11,756"
="3607","谷崧","19.6","+5.95","+13","+31.1","+32.9","+31.5","+46.8","+33.3","20.35","20.35","20.35","20.35","20.35","20.35","20.35","17","14.95","14.55","13.65","12.35","12.35","12","-2.42","-1.74","+3.17","+4.77","30,256","13,171"
="3624","光頡","61.2","+3.73","+2","+14.2","+15.7","+31.9","+46.9","+82.4","62.6","62.6","62.6","62.6","62.6","62.6","62.6","56","55.5","52.8","44.7","34.15","33.3","26.05","0.61","0.49","+0.42","+1.32","15,931","14,548"
="3653","健策","411.5","+1.98","-4.08","+1.48","-6.26","+4.97","+36.7","+42.9","424","430","454","461","461","461","461","399","399","399","384","292","276.5","202","-1.83","2.73","+1.56","+1.32","691","1,639"
="3672","康聯訊","46.5","+3.33","+3.33","-2.11","+22.4","+84.9","+207","+204","47.5","48","48.5","48.5","48.5","48.5","48.5","43.5","43.3","36.4","26.4","14.7","13.4","13.4","5.53","1.13","+1.16","+0.3","3,362","2,511"
="3675","德微","286","+2.69","-10.6","-0.17","+1.06","+5.34","+56.3","+192","316","320","320","320","320","320","320","277","277","267.5","227.5","154","99.5","64.5","-5.89","0.19","-4.29","-1.41","1,801","2,989"
="3687","歐買尬","191.5","-1.79","+11.3","+34.4","+79","+76.5","+85","+57","198","198","198","198","198","198","198","181","146","107.5","99.9","83","83","44.3","6.24","4.59","-5.46","+11.2","2,335","3,972"
="3689","湧德","44.8","+2.63","+1.01","+6.16","-0.33","+2.05","-11.6","+54.5","45.05","45.05","46.85","46.85","54.7","54.7","54.7","42.6","42.25","42.15","41.2","39.9","27.8","24.6","10.4","21.4","+2.73","+3.29","1,651","1,025"
="3694","海華","28.75","+8.29","+6.09","+9.94","+18.6","+15.5","+32.8","+26.4","28.8","28.8","28.8","28.8","28.8","28.8","35.1","25.9","25.9","24.15","23.15","19.45","19.45","18.6","-1.05","-2.3","+0.5","+0.67","3,658","776"
="3702","大聯大","50.8","+0.4","+0.4","+0.59","+0.99","+0.59","+3.89","+0.59","51","51","51","51","53","61","61","50.3","50.2","50.1","49.2","46.85","46.55","41.65","-17.6","-20.8","+0.02","-0.01","4,564","4,638"
="3706","神達","33.9","+0.59","-1.45","+0.15","+3.35","-1.45","+17.9","+22.4","35","35","35","35","35","35","35","33.45","33.45","32.6","31.2","27.35","26.85","25.3","-3.05","4","+0.23","+0.23","5,035","11,240"
="4127","天良","15.7","+3.29","+11.7","+15.9","+8.65","+32.5","+33.6","+48.8","16.65","16.65","16.65","16.65","16.65","16.65","16.65","13.6","13.6","13.5","11.6","10.7","10.2","9.81","2.05","1.99","","","3,035","1,404"
="4128","中天","68.2","+1.04","0","+1.64","+1.94","+6.9","+19.6","+14.8","72.5","72.5","72.5","75.3","75.3","75.3","82.5","66.1","66.1","65.8","63","50.2","50.2","50.2","-17.4","-10.8","+0.01","+0.1","3,498","2,343"
="4130","健亞","26.4","+3.33","+12.8","+16.3","+21.7","+22.8","+10.9","+6.24","26.6","26.6","26.6","26.6","26.6","26.6","31","23.6","21.5","21.5","21.4","21.05","21.05","21.05","-0.66","-0.04","+3.22","+3.22","4,622","3,057"
="4141","龍燈-KY","25.5","0","-3.77","+8.51","+1.8","+22.9","+77.1","+119","27.15","27.15","27.15","27.15","30","30","30","25.5","23.2","23.2","19.85","13.55","11.7","11.05","-16.9","1.02","-0.67","+0.37","0","2,263"
="4706","大恭","19.65","-5.98","+3.42","+3.15","+3.97","+3.97","+3.42","+3.42","22.6","22.6","22.6","22.6","22.6","22.6","22.6","18.95","18.85","18.85","18.6","18.2","18.15","16.5","0.38","0.4","0","0","3,274","1,986"
="4714","永捷","14.45","+0.7","-2.03","-6.17","+1.4","-3.67","+1.4","+4.71","14.9","15.9","15.9","15.9","15.95","16.15","16.15","14.25","14.25","14","13.65","13.15","11.75","11.15","-12.4","-13.3","-0.64","-1.29","1,509","1,026"
="4721","美琪瑪","161.5","+4.53","+5.9","+8.39","+7.31","-3","+37.4","+166","162.5","162.5","162.5","171.5","184.5","184.5","184.5","149.5","148.5","148.5","146.5","102","61.1","50","14.1","11.3","+3.88","+5.26","10,688","4,318"
="4739","康普","142.5","+4.01","+3.26","+5.56","+1.06","-9.24","+27.2","+85.1","143","143","151","158","176.5","176.5","176.5","134","133","133","133","98.2","77","57.7","9.58","8.36","+1.35","+3.94","3,939","2,560"
="4743","合一","287","+1.06","-0.52","+0.7","-2.71","+1.41","+56.8","+38.6","306","306","312.5","338","338","338","338","277","277","277","275.5","165","165","165","-0.28","-0.31","","","2,700","1,683"
="4744","皇將","36.45","+5.5","-4.08","+3.4","+29.7","+35.8","+36","+46.7","38.4","38.75","39.4","39.4","39.4","39.4","39.4","34.4","34.4","29.7","26.85","24.45","24.45","23.05","0.75","0.59","-2.46","+7.88","6,297","1,499"
="4755","三福化","116.5","-5.28","+6.39","+17.3","+26.5","+42.2","+71.1","+84.3","130.5","130.5","130.5","130.5","130.5","130.5","130.5","108.5","99.7","91.5","77","64.8","59.6","56.2","0.08","0.74","+2.2","+2.64","15,586","5,857"
="4903","聯光通","15.2","+2.01","+0.33","+11.8","+15.2","+25.6","+67.8","+116","15.85","15.85","15.85","15.85","15.85","15.85","15.85","14.5","13.55","13.1","11.1","8.87","6.8","6.72","-1.24","0.99","","","1,647","1,507"
="4904","遠傳","63.8","+0.47","+0.79","+1.43","+0.31","-0.47","+5.28","-1.85","63.9","63.9","63.9","64.3","65","65.7","66.8","62.8","62.6","62.3","61.5","60.4","60","59.8","1.49","-6.61","0","0","3,961","2,878"
="4906","正文","29.75","-1.16","-2.78","+4.39","+3.66","+5.5","+16.7","-1.65","30.6","30.75","30.75","30.75","30.75","35.2","36.95","29.45","28.5","28.35","26.25","25","24.25","24.25","-8.29","-1.15","+0.37","+3.66","4,327","9,636"
="4915","致伸","54.8","+0.18","+2.05","+5.59","+0.74","-1.26","+6.61","+3.98","55.4","55.4","55.4","55.9","59","64.8","67","53.7","52.3","51.9","50.8","48.75","47.8","46.35","13.9","17.9","0","+0.09","4,915","3,344"
="4927","泰鼎-KY","118","+3.51","+15.1","+25.3","+26.1","+14.6","+71.8","+103","118.5","118.5","118.5","118.5","118.5","118.5","118.5","99.6","94.5","93.4","93.4","64.5","53.6","44.55","10.8","8.02","+5.15","+5.58","15,804","23,529"
="4934","太極","33.8","-0.59","-3.43","+2.11","+1.2","-5.85","0","+47.3","34.75","35.8","35.8","37","42","42","42","33.6","33","33","32.45","31.4","22.95","20.7","-0.57","-1.1","0","0","767","1,333"
="4938","和碩","68.7","+0.29","+1.18","+1.78","+2.84","+0.88","+6.18","-7.54","68.8","68.8","68.8","68.8","70.9","75","84.5","67.6","67.1","66.7","66.1","64.1","63.5","63.5","16.4","7.34","+0.18","+0.17","5,348","5,405"
="4946","辣椒","63.2","+9.91","+32.9","+60.6","+77.5","+75.6","+122","+50.8","63.2","63.2","63.2","63.2","63.2","63.2","63.2","45","39.8","35.7","31.5","27.7","27.7","27.7","0.42","0.38","","","2,653","1,238"
="4960","誠美材","12.9","+0.78","-0.77","-0.39","-0.77","-1.53","+15.7","+15.2","12.95","13.25","14.25","14.25","14.25","14.25","16","12.65","12.65","12.65","12.15","10","10","10","10.7","0.77","+0.13","-0.34","3,491","3,938"
="5227","立凱-KY","71.6","+0.99","-1.92","-10.5","","+55","+137","","73.4","77.7","80.7","80.7","80.7","80.7","80.7","67.5","67.5","67.5","36","24.05","16.7","8.85","1.78","-1.74","","","1,143","1,493"
="5258","虹堡","39.55","+1.93","-2.83","+17.5","+17.9","+13.2","+32.9","+91.1","43","43","43","43","43","43","43","38.15","34.5","33.05","30.7","24.4","19.85","17.8","-3.12","-0.21","-6.16","+2.55","5,449","9,609"
="5309","系統電","40.95","-0.24","-0.61","+0.12","-10.7","-6.19","+31.7","+42.9","41.4","41.75","46.7","47","47","47","47","39.5","39.5","39.5","39.5","29.9","28.35","23.9","-4.07","-8.97","","","1,898","2,923"
="5347","世界","157","+1.62","+0.96","+3.29","-3.09","+0.64","-3.09","+33.1","157","157","165","168","168","177","177","153","150","148.5","145.5","136","110","98.5","17.4","-0.01","-0.15","+0.19","1,985","2,694"
="5351","鈺創","94.5","+2.49","-5.41","+13.4","+11.2","-3.37","+112","+276","99.7","99.9","99.9","104","104","104","104","90.2","84.4","80.8","80.2","37.1","25.1","19.7","-1.54","0.03","-1.31","+5.75","62,469","88,546"
="5371","中光電","83.6","+1.83","-6.17","+4.76","+0.48","-7.62","+54.2","+38.4","87.8","89.1","89.1","90.9","96","96","96","81.6","79.8","78.7","75.6","52.7","52.1","35.1","-18.6","-4.71","-0.88","+0.37","2,951","4,879"
="5450","南良","20.2","-4.72","+15.1","+17.4","+16.8","+15.8","+16.1","+18.1","22.25","22.25","22.25","22.25","22.25","22.25","22.25","17.35","17.15","17","16.85","15.6","15.6","15.6","0.32","0.33","+0.44","+0.44","4,019","3,095"
="5483","中美晶","218","-0.46","-4.6","+0.46","+4.06","+11.8","+14.4","+22.8","227","233","233","233","233","233","233","215.5","215.5","212","195","168","160","140","-13.9","-4.37","-1.53","-0.9","6,125","5,685"
="5488","松普","10.35","+2.99","-1.43","+13.7","+12.4","+22.5","+30.2","+33.5","10.65","10.9","10.9","10.9","10.9","10.9","11","9.75","9.24","8.98","8.45","7.53","7.5","6.28","-0.51","0.38","","","1,595","929"
="5522","遠雄","62.9","-1.1","+0.48","-2.02","-2.93","-6.81","+2.11","+17.1","64.1","64.1","65.7","67.5","69.8","69.8","69.8","61.3","61.3","61.3","61.3","56","51.9","49.1","-21.6","-24.8","+0.45","+1.18","1,760","2,166"
="5607","遠雄港","69.8","+1.6","+2.35","-0.29","+14.8","+31.5","+84.2","+83.7","70","70.7","71.2","71.2","71.2","71.2","71.2","66.1","66.1","60.3","51.5","37","34.85","25.7","19.1","6.24","+1","+1.17","979","1,487"
="5871","中租-KY","250.5","+0.4","-0.4","+0.2","-3.65","-0.2","-1.96","+24.3","255","255","264.5","264.5","276","283.5","283.5","248","247.5","247.5","239.5","223","199","150.5","-6.17","-6.89","+0.22","+0.36","1,805","3,923"
="5876","上海商銀","46.85","+0.11","-0.32","-0.32","-1.37","+0.21","+3.31","+5.76","47.6","47.6","47.9","48.15","48.15","48.15","48.15","46.4","46.4","46.4","45.2","42.6","40.2","37.4","-7.55","-14.1","-0.08","-0.2","2,416","2,725"
="5880","合庫金","25","+0.81","+0.4","+1.21","+2.88","+5.71","+13.6","+19","25.1","25.1","25.45","25.45","25.45","25.45","25.45","24.75","24.6","24.3","23.4","21.6","20.9","19.15","9.96","2.6","+0.52","+0.44","7,527","10,533"
="6005","群益證","16.55","+1.53","+0.61","+0.91","+0.61","-0.9","+8.52","+1.22","16.6","16.6","16.85","16.85","16.9","17.85","19.6","16.25","16.25","16.25","15.95","14.5","14.5","12.75","1.73","-6.29","-0.01","-0.03","2,767","2,386"
="6026","福邦證","19.4","+2.92","+3.19","+4.86","+9.92","+13.1","+32.4","+15.8","19.4","19.4","19.4","19.4","19.4","19.45","21.85","18.65","18.55","17.8","15.5","13.05","13","9.03","4.09","4.68","+0.26","+0.53","5,579","2,016"
="6104","創惟","206.5","+4.29","-0.72","+15","+12.2","+9.55","+36.8","+241","222","222","222","222","222","222","222","197","176.5","175.5","171","112","60.7","48","0.2","2.51","-6.09","+3.03","44,855","42,192"
="6111","大宇資","96.7","+1.9","+17.2","+35.4","+41.2","+45.9","+41","+50.2","102.5","102.5","102.5","102.5","102.5","102.5","102.5","83.5","72","68","63.2","61","61","49.75","1.51","1.53","+7.12","+7.75","15,772","4,001"
="6118","建達","42.65","+1.79","-3.51","-7.08","+18","+48.1","+207","+179","43.15","48","49.2","49.2","49.2","49.2","49.2","40.2","40.2","33.85","23.25","12.5","12.4","10.9","20.2","11.1","-10.2","-58.2","632","1,486"
="6125","廣運","26.3","+0.77","-1.31","+0.96","+0.77","-2.41","+4.37","+15.4","26.85","27.5","27.5","27.6","29.8","29.8","31.3","26.05","25.85","25.55","25.2","24.1","21.45","19","-8.48","-4.83","-0.01","+0.36","976","1,220"
="6130","星寶國際","35","+1.01","-11.4","-9.68","-5.41","+1.3","+24.6","+56.6","39.5","40.8","40.8","40.8","40.8","40.8","40.8","32.95","32.95","32.95","31.65","24.85","23","18.5","-3.96","2.61","","","563","2,224"
="6133","金橋","10.4","+4.31","+4","+13.9","+19.8","+19.8","+19.7","+17.5","10.8","10.8","10.8","10.8","10.8","10.8","12.65","9.78","9.12","8.64","8.49","8.3","8.28","8.19","-0.33","-0.09","+0.33","+0.91","2,665","1,035"
="6138","茂達","257.5","+0.39","-3.92","+11.7","+4.25","+8.19","+73.4","+65.6","274.5","276.5","276.5","278.5","278.5","278.5","278.5","253.5","231","230.5","217.5","141.5","140.5","78.2","-5.08","0.9","-1.41","+1.92","3,301","4,340"
="6143","振曜","59.7","+1.36","+0.17","+6.61","+3.11","-1.16","+8.55","+38.5","60.5","61.4","61.4","66.3","66.3","66.3","66.3","58.2","56","56","52.9","48.35","40.6","37.05","14.1","19","-0.03","+0.16","1,400","1,349"
="6156","松上","20.05","+0.5","-7.82","+5.8","+12.3","+12.6","+25.7","+19.7","22.05","22.05","22.05","22.05","22.05","22.05","24.35","19.5","18.9","17.75","16.95","14.35","14.35","14.35","-0.42","0.37","-0.32","+0.03","860","1,299"
="6163","華電網","20.4","+0.99","-6.64","-1.45","-2.16","0","+6.25","+19.6","22.35","22.35","22.35","22.35","23.2","23.2","23.2","20.05","20.05","20.05","19.5","18.5","16.35","14.8","-26.2","1.2","-5.08","-5.63","992","2,393"
="6167","久正","17","+4.94","+26.4","+27.3","+21.4","+52.5","+94.5","+100","17","17","17","17","17","17","17","13.4","13.25","12.9","11.4","8.53","8.28","7.08","3.7","2.49","","","16,908","9,186"
="6170","統振","46.95","+9.95","+9.31","+11.3","+5.27","-0.21","+17.8","+91.6","46.95","46.95","46.95","47.8","56.4","56.4","56.4","42.05","41.9","41.9","41.9","36.2","24.5","16.6","3.56","5.56","+1.04","+1.55","3,139","305"
="6180","橘子","68.6","-2.56","-0.29","+6.03","+9.58","+12.3","+21","+6.85","73.8","73.8","73.8","73.8","73.8","73.8","73.8","67.5","65.6","61.5","58.4","53.8","53.8","53.8","1.85","1.73","+1.83","+1.38","13,678","22,850"
="6182","合晶","81.2","-1.22","-3.91","-0.49","-3.68","+20.7","+17","+36.2","83.9","86.5","89.5","89.5","89.5","89.5","89.5","80.5","80.5","79.7","67.4","54.5","54.5","37.6","-14.4","-6.38","-1.48","-1.3","18,166","12,204"
="6185","幃翔","15","+0.67","-1.64","+8.3","+11.9","+13.6","+14.5","+18.1","15.75","15.75","15.75","15.75","15.75","15.75","16.35","14.4","13.85","13.3","12.9","12.75","12.55","11.5","-0.17","0.56","-1.33","-0.05","1,548","3,878"
="6188","廣明","46.05","+0.44","+0.33","+0.22","+6.72","+15.7","+29.4","+16.3","46.9","47","47","47","47","47","56.5","44.75","44.75","42.75","38.05","33.75","33.75","33.75","11.6","-4.84","+0.11","-1.17","2,825","6,198"
="6190","萬泰科","40.5","+3.18","-4.26","-6.47","+10.4","+49.4","+65.3","+70.5","41.7","44.95","47.3","47.3","47.3","47.3","47.3","38","38","38","26.85","22.25","21.85","16.8","-2.23","0.03","+10.6","+8.78","14,025","10,204"
="6191","精成科","37.4","-0.66","-0.13","+0.4","-3.48","+0.54","+19.1","+14.5","38","38.05","42.05","42.05","42.05","42.05","42.05","37","37","37","35.7","30","30","23.2","-26.7","-28.2","-0.01","-0.01","2,534","3,198"
="6196","帆宣","160","+0.63","+3.56","+8.11","+4.58","+7.02","+37.9","+54.6","165","165","169","169","169","169","169","152","147","147","140","104","101","87","6.97","4.9","+6.53","+5.88","8,993","7,411"
="6205","詮欣","68","+4.94","+1.8","+11.1","+9.68","+35.2","+120","+134","68","68","68","68","68","68","68","64","61","59.8","47.6","29.6","28.9","27.15","-0.44","-1.94","+4.51","+6.92","4,075","1,706"
="6207","雷科","34.5","-0.29","-0.58","-1.99","+11.7","+8.32","+15","+12","35.45","36.4","36.4","36.4","36.4","37.6","37.6","33.8","33.8","30.65","30.2","27.65","27.65","24.7","6.49","2.7","-0.03","-0.16","659","1,434"
="6235","華孚","33.05","-0.6","+2.32","+6.44","+12.4","+75.3","+86.2","+81.1","33.6","33.6","35.5","35.5","35.5","35.5","35.5","31.45","30.55","28.55","18.85","15.8","15.8","15.3","9.9","11.3","+0.59","-1.34","4,432","6,815"
="6239","力成","97.6","+1.24","+0.62","+1.35","+0.72","-1.01","-9.63","-7.92","98","98","98","102","108","116","117","96","96","95.3","95.3","93.5","93.5","92","-20.1","-20.4","+0.03","+0.02","3,731","2,552"
="6244","茂迪","37","-0.13","-1.2","+1.23","+7.71","+14.6","+27.6","+20.9","38.75","38.75","39.35","39.35","39.35","39.35","43.25","36.35","36.25","34.35","32.25","27.6","27.25","25.95","-11.3","-8.15","","","5,549","23,863"
="6251","定穎","22.6","0","-2.59","-1.74","+2.49","+3.2","-1.09","+7.36","23.1","23.4","24.65","24.65","24.65","25.4","25.4","22.35","22.35","22.1","20.1","18.5","18.5","15.75","5.53","0.82","-0.17","-0.11","2,170","2,239"
="6265","方土昶","18.6","+9.73","+5.98","+8.14","-2.87","+31","+78","+109","18.6","18.6","20.95","20.95","20.95","20.95","20.95","16.7","16.7","16.7","14.7","9.64","8.95","7.01","1.06","3.09","+9.22","+9.8","28,744","2,971"
="6266","泰詠","21.35","+5.96","+8.1","+8.38","+9.49","+10.6","+7.02","+3.14","21.75","21.75","21.75","21.75","21.75","23.8","23.8","19.5","19.5","19.4","19.1","18.8","18.75","18.7","-9.74","-9.37","+0.08","+0.08","2,663","640"
="6271","同欣電","283.5","+1.07","-0.7","+0.18","-1.9","-7.5","+19.6","+34.7","289.5","289.5","297","323.5","323.5","323.5","323.5","277.5","277.5","277.5","277.5","208","203.5","145","0.38","4.39","-1.08","-1.31","1,612","1,596"
="6275","元山","36.65","+1.24","-2.53","-6.27","+6.23","+7.48","+29.3","+23.6","38.2","41","41.9","41.9","41.9","41.9","41.9","35.6","35.6","33.85","31.65","26.5","26.5","22.05","12.1","2.01","-0.25","-0.89","1,207","1,421"
="6278","台表科","118","+0.43","+1.29","+1.72","-1.67","-3.67","+11.3","-8.17","118","118.5","122","125.5","127.5","138.5","139","114","114","114","112.5","97.1","97.1","91.1","-0.11","-13.4","+0.03","-0.05","1,248","2,075"
="6279","胡連","140","-0.71","-0.71","+4.48","+6.06","+4.87","+22.3","+20.7","144.5","144.5","144.5","144.5","144.5","152.5","152.5","136","133","131","123","105.5","105.5","91.4","-4.59","14.5","-0.15","+0.57","2,760","1,863"
="6282","康舒","35.15","-0.42","-2.36","-1.26","+4.77","-2.09","+26","+31.2","36","37.55","37.55","37.55","39.55","39.55","39.55","34.7","34.7","33.65","32.25","26.4","25.05","22.5","-5.3","-1.11","-0.63","-0.26","3,952","6,660"
="6285","啟碁","75.1","+0.4","-2.85","-1.44","+3.02","-0.92","+3.59","+12.3","77.2","79","79","79","80.6","81","84.2","74.3","74.3","73.1","72.3","69.2","67","58.8","7.31","3.14","-0.12","-0.12","1,588","2,287"
="6411","晶焱","243","+2.32","-1.22","0","-11.2","-8.3","+18.2","+71.7","253.5","257","294","294","302","302","302","237","236","236","236","173.5","127","94.8","2.46","-8.97","-3.35","-10.7","2,947","3,457"
="6443","元晶","41.9","+0.12","+1.21","+4.23","+2.2","+14.5","+41.8","+29.7","44.3","44.3","44.35","44.35","44.35","44.35","48.95","41.55","40.7","40.1","33.8","27","26.25","26.25","-4.51","-0.94","+0.85","+1.52","24,089","95,044"
="6457","紘康","196","+2.62","+4.26","+9.5","-6.22","-7.33","+22.9","+22.5","198","198","216.5","239.5","239.5","239.5","239.5","186","178","177.5","177.5","139","139","79.2","-7.02","-8.31","0","","1,237","1,486"
="6494","九齊","156","+4","-0.64","+2.97","-1.58","-2.19","+7.22","+29.5","160.5","160.5","162.5","170.5","174","182","182","150","150","150","147","124","120.5","45.1","0.66","0.67","+0.62","+0.23","1,905","407"
="6505","台塑化","95","0","-0.11","-0.63","-2.76","-3.85","-0.73","-10.4","96","96","98.5","99","106","117.5","117.5","94.4","94.1","94.1","94.1","92.5","90.3","88.4","-5.86","-14.8","-0.06","-0.09","3,264","2,647"
="6509","聚和","70.9","+6.3","+6.3","+6.94","+9.24","-2.88","+23.3","+118","71","71","71","74.1","82.9","82.9","82.9","65.1","65.1","65.1","63.9","50.2","32.25","23.45","8.95","8.04","+0.02","+0.12","20,930","6,286"
="6514","芮特-KY","84","+1.08","-4.33","-1.18","+43.3","+52.5","+97.9","+72.8","87.7","92.8","92.8","92.8","92.8","92.8","92.8","82.8","82.8","62.5","53.2","39.5","39.5","39.5","6.48","4.48","-0.86","-1.77","1,068","942"
="6548","長科*","102.5","+3.43","+4.06","+8.58","+3.12","+1.49","+4.06","+62.2","103.5","103.5","103.5","104.5","111.5","115.5","115.5","98.2","94.4","93.8","93.8","87","63.7","52","27.2","26.1","-8.66","+10.5","4,359","3,557"
="6576","逸達","125","-0.79","-4.94","+0.4","+23.2","+34.1","+61.7","+26.5","130.5","137.5","137.5","137.5","137.5","137.5","137.5","122","122","100.5","89.9","72.3","72.3","72.3","5.47","1.83","","","1,377","1,192"
="6603","富強鑫","17.85","-1.11","-2.19","-0.56","-7.51","+7.21","+1.42","+37.8","18.4","18.4","19.75","21.2","21.2","21.2","21.2","17.7","17.7","17.7","16.8","14.3","13.05","10.95","-26.7","-17.2","-0.29","+0.38","1,572","827"
="6612","奈米醫材","70.2","-3.44","+4.15","+15.5","+14.9","+14.1","+10.6","+9.69","80.3","80.3","80.3","80.3","80.3","80.3","80.3","69","60.8","60.4","59","59","59","59","0.18","0.05","0","0","517","1,577"
="6698","旭暉應材","54","+2.27","-4.59","+15.1","+38.3","+36.7","+39.9","+36.5","58.5","58.5","58.5","58.5","58.5","58.5","58.5","50.1","49.35","39.2","38.25","33.3","33.3","33.3","0.25","0.19","-3.33","+5.3","4,605","5,132"
="6706","惠特","218.5","+0.92","-7.22","-2.02","-3.96","+4.3","+15.9","+26.7","234","241","241","241","241","241","241","212","212","212","200","157","157","129.5","-27","-9.77","-5.08","-2.44","1,817","1,924"
="8021","尖點","40.4","-0.25","-6.59","-3.12","-4.27","-1.58","-3.35","+3.72","43.25","43.3","43.3","43.3","46.9","49.5","49.5","39.4","39.4","39.4","39","35.05","35.05","25.65","-48.6","-17.3","+0.35","+0.02","763","2,268"
="8034","榮群","20.95","-0.95","+1.45","+4.23","+30.5","+28.5","+43.5","+19","22.7","22.8","22.8","22.8","22.8","22.8","24.75","19.05","19.05","16","15","12.9","12.9","12.9","0.64","-0.01","-0.17","+0.23","11,197","3,412"
="8040","九暘","71.7","+0.28","-3.24","+3.02","-7.12","-5.78","+16.2","+7.34","74.5","76.4","79.2","82.5","87.6","87.6","87.6","69.8","69.8","68.2","68","49.05","49.05","17.9","-2.99","-0.2","+0.5","+0.54","2,041","1,726"
="8046","南電","577","+2.12","+0.87","+3.78","-1.54","+5.29","+25.4","+49.1","579","589","601","631","631","631","631","559","551","551","540","388.5","343","168","8.47","1.43","+0.59","-1.09","2,244","2,893"
="8054","安國","60.7","+1.85","-3.8","+1.34","-8.86","-6.47","+17.4","+42.3","62.7","64","68.2","70.2","72","73.7","73.7","59.2","59.2","59.2","58.9","38.6","38.6","19.75","-5.57","2.8","+0.13","+0.17","1,695","2,020"
="8069","元太","136.5","+1.87","-4.55","+1.11","+5.81","+16.7","+80.3","+88.5","145.5","146","146","146","146","146","146","132.5","132","127","114","64.2","64.2","43.2","-8.63","-5.33","-2.26","-2.69","18,411","29,516"
="8076","伍豐","35.6","+2.15","0","+14.1","+15.6","+11.9","+19.9","-1.11","36.3","36.3","36.3","36.3","36.3","41.5","42","33.7","31.5","30.45","29.2","27","27","24.85","0.5","-1.11","+0.71","+1.23","7,138","6,232"
="8092","建暐","11.6","+9.95","+26.2","+26.8","+26.9","+29.3","+41.8","+32.9","11.6","11.6","11.6","11.6","11.6","11.6","11.6","9.25","9.1","9.05","8.81","7.92","7.77","7.77","1.28","1.17","","","1,680","2,464"
="8096","擎亞","15.05","-1.63","-1.63","0","+11.9","+16.7","+17.6","+8.27","15.55","15.75","16.55","16.55","16.55","16.55","16.55","14.75","14.75","13.45","12.6","11.75","11.75","10.35","-4.46","-2.36","-0.52","+0.39","1,820","9,832"
="8104","錸寶","66.5","+1.53","-1.04","+4.72","+11.8","+35.9","+35.6","+34.9","68","69.5","73.5","73.5","73.5","73.5","73.5","63.6","63.6","61.6","47.5","44.2","44.2","41.4","5.14","0.83","-19.1","-41.7","2,228","2,507"
="8111","立碁","30.4","+3.4","+0.5","+1.33","+17.4","+42.4","+75.2","+56.7","31.3","32.5","32.5","32.5","32.5","32.5","32.5","29.1","29.1","25.05","20.5","15.25","15.25","15.25","5.82","1.97","-1.81","-0.42","14,127","5,342"
="8112","至上","47.6","+0.21","+0.95","+1.49","+1.71","+8.18","+3.59","+21.1","47.9","47.9","48.3","48.3","48.3","48.3","49.3","47.1","46.55","46.55","43.05","41.35","39.25","33.7","21.5","17.7","+0.03","+0.02","1,793","2,293"
="8155","博智","144.5","+0.35","-4.62","-1.7","+9.89","-3.02","+18.9","+26.8","151.5","153","153","153","160.5","160.5","160.5","142.5","142.5","130.5","124.5","116.5","94.1","85.3","-1.53","-8.06","-0.32","-1.26","2,004","680"
="8163","達方","48.5","0","-2.71","-0.1","-2.32","+13.1","+14.3","+13.1","49.55","50","50.5","50.5","50.5","50.5","52.9","48.2","48.1","48","43","38.7","38.7","37.85","-14.1","-2.33","-0.23","-0.24","1,805","1,735"
="8182","加高","55.5","+2.02","-0.54","+0.18","+1.83","-8.26","+14.4","+28.6","56.4","57.6","60.5","62.9","64.5","64.5","64.5","54","54","54","53.7","40.2","40.2","26.05","7.94","1.31","-0.85","-1","1,543","577"
="8183","精星","63","0","-3.52","-0.47","-8.7","+13.7","+46.9","+55.4","64.8","69.6","70.9","73","73","73","73","61.6","61.6","61.6","54.7","34.15","34.15","18.5","6.73","-5.17","-0.51","-0.04","2,595","2,330"
="8201","無敵","17.4","+1.16","0","+3.26","-5.43","-4.4","+4.19","+74.9","17.8","17.8","19","19","19.3","19.3","19.3","17","16.9","16.85","15.95","13.65","9.84","8.74","3.44","5.95","-0.09","+0.42","4,457","1,142"
="8215","明基材","38.4","+1.32","-0.52","-2.41","+3.23","-1.03","+7.87","+56.7","38.75","39.75","44.65","44.65","44.65","44.65","44.65","37.65","37.65","37.05","35","30.1","24.6","21.15","-5.29","-14.8","-0.19","-1.67","3,665","4,622"
="8261","富鼎","112.5","+0.9","+1.35","+9.22","+2.27","-1.32","+22.7","+62.1","114","114","115","115","123","137","137","108","103","103","99.7","75.2","69.7","44.8","2.45","9.51","+0.02","+0.29","5,162","4,901"
="8289","泰藝","37.55","+2.88","0","+4.02","-2.47","+2.04","+16.3","+110","38.1","38.45","41.25","46.2","46.2","46.2","46.2","36.3","36.2","36.1","35.85","26.2","17.75","11.4","4.07","4","+1.13","+1.65","1,625","838"
="8358","金居","75","+2.6","-1.19","-0.27","-2.09","-5.18","+2.04","-9.64","75.6","76.3","77.9","83","87.8","90","92.9","72.7","72.7","72.7","72.7","62.4","62.4","44.05","-8.43","-9.2","+3.58","+8.2","4,032","5,112"
="8415","大國鋼","39","-2.01","+6.85","+13.7","+11.3","+14.4","-2.74","+19.1","39.8","39.8","39.8","39.8","39.8","45.35","45.35","37.3","34.2","34.2","33.2","32.9","31.5","25.25","15.7","17.6","+0.49","+0.78","12,746","15,616"
="8478","東哥遊艇","160","-5.88","-6.43","+13.1","+28","+51.7","+95.8","+170","184.5","184.5","184.5","184.5","184.5","184.5","184.5","158.5","140","126","102","75.8","59","39.25","-3.07","-1.52","-5.89","+4.88","4,650","6,425"
="8996","高力","61.8","-2.52","+0.32","+4.04","+3.87","+6.55","+35.5","+35.7","65.6","65.6","65.6","65.6","65.6","65.6","65.6","60.8","59.4","59","55.4","40.8","40.8","38.5","-11.9","0.02","-0.1","+0.33","832","3,078"
="9904","寶成","32.6","+0.77","0","-0.91","-2.1","-6.05","-4.4","-10.4","32.75","33.1","34.25","34.75","35.8","40.5","40.5","32.3","32.3","32.3","32.05","31.8","31.55","27.85","-35.7","-47","-0.93","-1.62","3,044","5,131"
="9907","統一實","14","-0.36","+2.94","+4.48","+6.46","+6.06","+0.72","-2.44","14.25","14.25","14.25","14.25","14.25","16.7","16.9","13.6","13.4","13.05","12.9","12.75","12.75","10.05","15","13.1","+0.03","+0.07","3,190","5,904"
="9933","中鼎","36.9","+0.54","+1.37","+3.07","+2.36","0","+4.83","-4.65","37.35","37.35","37.35","37.35","37.6","39.8","41.55","36.2","35.75","35.75","35.6","35.05","35.05","34.9","21.8","15.9","0","0","799","2,054"
="9940","信義","36.4","-1.49","+2.82","+8.33","+10.8","+8.49","+16.1","+20.9","37.7","37.7","37.7","37.7","37.7","37.7","37.7","35.2","33.6","32.8","32.5","30.4","29.3","27.2","21.7","25.1","-0.23","-0.83","1,756","2,209"
